name,braid
3_1,"[1,1,1]"
4_1,"[1,-2,1,-2]"
5_1,"[1,1,1,1,1]"
5_2,"[1,1,1,2,-1,2]"
6_1,"[1,1,2,-1,-3,2,-3]"
6_2,"[1,1,1,-2,1,-2]"
6_3,"[1,1,-2,1,-2,-2]"
7_1,"[1,1,1,1,1,1,1]"
7_2,"[1,1,1,2,-1,2,3,-2,3]"
7_3,"[1,1,1,1,1,2,-1,2]"
7_4,"[1,1,2,-1,2,2,3,-2,3]"
7_5,"[1,1,1,1,2,-1,2,2]"
7_6,"[1,1,-2,1,3,-2,3]"
7_7,"[-1,2,-1,2,-3,2,-3]"
8_1,"[1,1,2,-1,2,3,-2,-4,3,-4]"
8_2,"[1,1,1,1,1,-2,1,-2]"
8_3,"[1,1,2,-1,-3,2,-3,-4,3,-4]"
8_4,"[-1,-1,-1,2,-1,2,3,-2,3]"
8_5,"[1,1,1,-2,1,1,1,-2]"
8_6,"[1,1,1,1,2,-1,-3,2,-3]"
8_7,"[-1,-1,-1,-1,2,-1,2,2]"
8_8,"[-1,-1,-1,-2,1,3,-2,3,3]"
8_9,"[1,1,1,-2,1,-2,-2,-2]"
8_10,"[-1,-1,-1,2,-1,-1,2,2]"
8_11,"[1,1,2,-1,2,2,-3,2,-3]"
8_12,"[1,-2,1,3,-2,-4,3,-4]"
8_13,"[1,1,-2,1,-2,-2,-3,2,-3]"
8_14,"[1,1,1,2,-1,2,-3,2,-3]"
8_15,"[1,1,-2,1,3,2,2,2,3]"
8_16,"[-1,-1,2,-1,-1,2,-1,2]"
8_17,"[1,1,-2,1,-2,1,-2,-2]"
8_18,"[1,-2,1,-2,1,-2,1,-2]"
8_19,"[1,1,1,2,1,1,1,2]"
8_20,"[1,1,1,-2,-1,-1,-1,-2]"
8_21,"[1,1,1,2,-1,-1,2,2]"
9_1,"[1,1,1,1,1,1,1,1,1]"
9_2,"[1,1,1,2,-1,2,3,-2,3,4,-3,4]"
9_3,"[1,1,1,1,1,1,1,2,-1,2]"
9_4,"[1,1,1,1,1,2,-1,2,3,-2,3]"
9_5,"[1,1,2,-1,2,2,3,-2,3,4,-3,4]"
9_6,"[1,1,1,1,1,1,2,-1,2,2]"
9_7,"[1,1,1,1,2,-1,2,3,-2,3,3]"
9_8,"[1,1,-2,1,-2,-3,2,4,-3,4]"
9_9,"[1,1,1,1,1,2,-1,2,2,2]"
9_10,"[1,1,2,-1,2,2,2,2,3,-2,3]"
9_11,"[-1,-1,-1,-1,2,-1,-3,2,-3]"
9_12,"[1,1,-2,1,3,-2,3,4,-3,4]"
9_13,"[1,1,1,1,2,-1,2,2,3,-2,3]"
9_14,"[-1,-1,-2,1,3,-2,3,-4,3,-4]"
9_15,"[-1,-1,-1,-2,1,3,-2,-4,3,-4]"
9_16,"[1,1,1,1,2,2,-1,2,2,2]"
9_17,"[-1,2,-1,2,2,2,-3,2,-3]"
9_18,"[1,1,1,2,-1,2,2,2,3,-2,3]"
9_19,"[-1,2,-1,2,2,3,-2,-4,3,-4]"
9_20,"[1,1,1,-2,1,3,-2,3,3]"
9_21,"[-1,-1,-2,1,-2,3,-2,-4,3,-4]"
9_22,"[-1,2,-1,2,-3,2,2,2,-3]"
9_23,"[1,1,1,2,-1,2,2,3,-2,3,3]"
9_24,"[1,1,-2,1,3,-2,-2,-2,3]"
9_25,"[1,1,-2,1,3,2,2,-4,3,-4]"
9_26,"[-1,-1,-1,2,-1,2,-3,2,-3]"
9_27,"[1,1,-2,1,-2,-2,3,-2,3]"
9_28,"[1,1,-2,1,3,-2,-2,3,3]"
9_29,"[1,-2,-2,3,-2,1,-2,3,-2]"
9_30,"[-1,-1,2,2,-1,2,-3,2,-3]"
9_31,"[1,1,-2,1,-2,3,-2,3,3]"
9_32,"[-1,-1,2,-1,2,-1,-3,2,-3]"
9_33,"[-1,2,-1,2,2,-1,-3,2,-3]"
9_34,"[-1,2,-1,2,-3,2,-1,2,-3]"
9_35,"[1,1,2,-1,2,2,3,-2,-2,4,-3,2,4,3]"
9_36,"[-1,-1,-1,2,-1,-1,-3,2,-3]"
9_37,"[1,1,-2,1,3,-2,-1,-4,3,-2,3,-4]"
9_38,"[1,1,2,2,-3,2,-1,2,3,3,2]"
9_39,"[-1,-1,-2,1,3,2,-1,-4,-3,2,-3,-4]"
9_40,"[1,-2,1,3,-2,1,3,-2,3]"
9_41,"[-1,-1,-2,1,3,2,2,-4,-3,2,-3,-4]"
9_42,"[-1,-1,-1,2,1,1,-3,2,-3]"
9_43,"[1,1,1,2,1,1,-3,2,-3]"
9_44,"[1,1,1,2,-1,-1,-3,2,-3]"
9_45,"[-1,-1,-2,1,-2,-1,-3,2,-3]"
9_46,"[-1,2,-1,2,-3,-2,1,-2,-3]"
9_47,"[-1,2,-1,2,3,2,-1,2,3]"
9_48,"[-1,-1,-2,1,-2,-1,3,-2,1,-2,3]"
9_49,"[1,1,2,1,1,-3,2,-1,2,3,3]"
10_1,"[1,1,2,-1,2,3,-2,3,4,-3,-5,4,-5]"
10_2,"[1,1,1,1,1,1,1,-2,1,-2]"
10_3,"[1,1,2,-1,2,3,-2,-4,3,-4,-5,4,-5]"
10_4,"[-1,-1,-1,2,-1,2,3,-2,3,4,-3,4]"
10_5,"[-1,-1,-1,-1,-1,-1,2,-1,2,2]"
10_6,"[1,1,1,1,1,1,2,-1,-3,2,-3]"
10_7,"[1,1,2,-1,2,3,-2,3,3,-4,3,-4]"
10_8,"[1,1,1,1,1,-2,1,-2,-3,2,-3]"
10_9,"[1,1,1,1,1,-2,1,-2,-2,-2]"
10_10,"[1,1,-2,1,-2,-2,-3,2,-3,-4,3,-4]"
10_11,"[1,1,1,1,2,-1,-3,2,-3,-4,3,-4]"
10_12,"[-1,-1,-1,-1,-1,-2,1,3,-2,3,3]"
10_13,"[1,1,2,-1,-3,2,4,-3,-5,4,-5]"
10_14,"[1,1,1,1,1,2,-1,2,-3,2,-3]"
10_15,"[-1,-1,-1,-1,2,-1,2,3,-2,3,3]"
10_16,"[1,1,2,-1,2,2,-3,2,-3,-4,3,-4]"
10_17,"[1,1,1,1,-2,1,-2,-2,-2,-2]"
10_18,"[1,1,1,2,-1,2,-3,2,-3,-4,3,-4]"
10_19,"[1,1,1,1,-2,1,-2,-2,-3,2,-3]"
10_20,"[1,1,1,1,2,-1,2,3,-2,-4,3,-4]"
10_21,"[1,1,2,-1,2,2,2,2,-3,2,-3]"
10_22,"[1,1,1,1,2,-1,-3,2,-3,-3,-3]"
10_23,"[1,1,-2,1,-2,-2,-2,-2,-3,2,-3]"
10_24,"[1,1,2,-1,2,2,2,3,-2,-4,3,-4]"
10_25,"[1,1,1,1,2,-1,2,2,-3,2,-3]"
10_26,"[-1,-1,-1,2,-1,2,2,2,3,-2,3]"
10_27,"[-1,-1,-1,-1,-2,1,-2,3,-2,3,3]"
10_28,"[-1,-1,-2,1,-2,-2,-3,2,4,-3,4,4]"
10_29,"[1,1,1,-2,1,3,-2,-4,3,-4]"
10_30,"[1,1,2,-1,2,2,3,-2,3,-4,3,-4]"
10_31,"[1,1,1,2,-1,-3,2,-3,-3,-4,3,-4]"
10_32,"[-1,-1,-1,2,-1,2,2,3,-2,3,3]"
10_33,"[1,1,2,-1,2,-3,2,-3,-3,-4,3,-4]"
10_34,"[-1,-1,-1,-2,1,-2,-3,2,4,-3,4,4]"
10_35,"[1,-2,1,-2,-3,2,4,-3,-5,4,-5]"
10_36,"[1,1,1,2,-1,2,3,-2,3,-4,3,-4]"
10_37,"[1,1,1,2,-1,-3,2,-3,-4,3,-4,-4]"
10_38,"[1,1,1,2,-1,2,2,3,-2,-4,3,-4]"
10_39,"[1,1,1,2,-1,2,2,2,-3,2,-3]"
10_40,"[-1,-1,-1,-2,1,-2,-2,3,-2,3,3]"
10_41,"[-1,2,-1,2,2,-3,2,4,-3,4]"
10_42,"[1,1,-2,1,-2,3,-2,-4,3,-4]"
10_43,"[1,1,-2,1,3,-2,-4,3,-4,-4]"
10_44,"[1,1,-2,1,3,-2,3,-4,3,-4]"
10_45,"[1,-2,1,-2,3,-2,3,-4,3,-4]"
10_46,"[1,1,1,1,1,-2,1,1,1,-2]"
10_47,"[-1,-1,-1,-1,-1,2,-1,-1,2,2]"
10_48,"[-1,-1,-1,-1,2,2,-1,2,2,2]"
10_49,"[1,1,1,1,-2,1,3,2,2,2,3]"
10_50,"[1,1,2,-1,2,2,-3,2,2,2,-3]"
10_51,"[-1,-1,-2,1,-2,-2,3,-2,-2,3,3]"
10_52,"[1,1,1,-2,1,1,-2,-2,-3,2,-3]"
10_53,"[1,1,2,-1,2,-3,2,4,3,3,3,4]"
10_54,"[-1,-1,-1,2,-1,-1,2,3,-2,3,3]"
10_55,"[1,1,1,2,-1,-3,2,4,3,3,3,4]"
10_56,"[1,1,1,2,-1,2,-3,2,2,2,-3]"
10_57,"[-1,-1,-1,-2,1,-2,3,-2,-2,3,3]"
10_58,"[-1,2,-1,-3,2,4,3,3,-5,4,-5]"
10_59,"[-1,2,-1,2,-3,2,2,4,-3,4]"
10_60,"[-1,2,-1,2,2,-3,2,-3,-2,-4,3,-4]"
10_61,"[1,1,1,-2,1,1,1,-2,-3,2,-3]"
10_62,"[-1,-1,-1,-1,2,-1,-1,-1,2,2]"
10_63,"[1,1,-2,1,3,2,2,2,3,4,-3,4]"
10_64,"[1,1,1,-2,1,1,1,-2,-2,-2]"
10_65,"[-1,-1,-2,1,-2,3,-2,-2,-2,3,3]"
10_66,"[1,1,1,-2,1,3,2,2,2,3,3]"
10_67,"[1,1,1,2,-1,2,3,-2,-2,-4,3,2,-4,3]"
10_68,"[1,1,-2,1,-2,-2,-3,2,2,-4,3,-2,-4,-3]"
10_69,"[-1,-1,-2,1,3,-2,-1,-4,3,-2,3,-4]"
10_70,"[1,-2,1,3,-2,-2,-2,-4,3,-4]"
10_71,"[-1,-1,2,-1,-3,2,2,4,-3,4]"
10_72,"[1,1,1,1,2,2,-1,2,-3,2,-3]"
10_73,"[-1,-1,-2,1,-2,-1,3,-2,3,-4,3,-4]"
10_74,"[1,1,2,-1,2,2,3,-2,-2,-4,3,2,-4,3]"
10_75,"[-1,2,-1,2,-3,2,2,-4,3,-2,-4,-3]"
10_76,"[1,1,1,1,2,-1,-3,2,2,2,-3]"
10_77,"[-1,-1,-1,-1,-2,1,3,-2,-2,3,3]"
10_78,"[1,1,2,-1,2,1,-3,2,4,-3,4,4]"
10_79,"[1,1,1,-2,-2,1,1,-2,-2,-2]"
10_80,"[1,1,1,-2,1,1,3,2,2,2,3]"
10_81,"[1,1,-2,1,3,2,2,-4,-3,-3,-3,-4]"
10_82,"[1,1,1,1,-2,1,-2,1,-2,-2]"
10_83,"[-1,-1,-2,1,-2,3,-2,-2,3,-2,3]"
10_84,"[1,1,1,2,-1,-3,2,2,-3,2,-3]"
10_85,"[-1,-1,-1,-1,2,-1,-1,2,-1,2]"
10_86,"[-1,-1,2,-1,2,-1,2,2,3,-2,3]"
10_87,"[1,1,1,2,-1,-3,2,-3,2,-3,-3]"
10_88,"[1,-2,1,3,-2,3,-2,-4,3,-4]"
10_89,"[-1,2,-1,2,3,-2,-1,-4,-3,2,-3,-4]"
10_90,"[-1,-1,2,-1,2,3,-2,-1,3,2,2]"
10_91,"[-1,-1,-1,2,-1,2,2,-1,2,2]"
10_92,"[1,1,1,2,2,-3,2,-1,2,-3,2]"
10_93,"[-1,-1,2,-1,-1,2,-1,2,3,-2,3]"
10_94,"[1,1,1,-2,1,1,-2,-2,1,-2]"
10_95,"[1,1,-2,-2,3,-2,1,-2,-3,-3,-2]"
10_96,"[1,-2,-1,3,-2,-1,3,-4,3,-2,3,-4]"
10_97,"[1,1,2,-1,2,1,-3,2,-1,2,3,-4,3,-4]"
10_98,"[1,1,2,2,-3,2,-1,2,2,-3,2]"
10_99,"[1,1,-2,1,1,-2,-2,1,-2,-2]"
10_100,"[-1,-1,-1,2,-1,-1,2,-1,-1,2]"
10_101,"[1,1,1,2,-1,3,-2,1,3,2,2,4,-3,4]"
10_102,"[-1,-1,2,-1,-3,2,-1,2,2,3,3]"
10_103,"[-1,-1,-2,1,3,-2,-2,3,-2,-2,3]"
10_104,"[-1,-1,-1,2,2,-1,2,-1,2,2]"
10_105,"[1,1,-2,1,3,2,2,-4,-3,2,-3,-4]"
10_106,"[1,1,1,-2,1,-2,1,1,-2,-2]"
10_107,"[1,1,-2,1,-3,-2,-2,4,-3,2,-3,4]"
10_108,"[1,1,-2,1,1,3,-2,1,-2,-3,-3]"
10_109,"[1,1,-2,1,-2,-2,1,1,-2,-2]"
10_110,"[1,-2,1,3,2,2,2,-4,-3,2,-3,-4]"
10_111,"[1,1,2,2,-3,2,2,-1,2,-3,2]"
10_112,"[-1,-1,-1,2,-1,2,-1,2,-1,2]"
10_113,"[1,1,1,2,-3,2,-1,2,-3,2,-3]"
10_114,"[-1,-1,-2,1,3,-2,3,-2,3,-2,3]"
10_115,"[1,-2,1,3,2,2,-4,-3,2,-3,-3,-4]"
10_116,"[-1,-1,2,-1,-1,2,-1,2,-1,2]"
10_117,"[-1,-1,-2,-2,3,-2,1,-2,3,-2,3]"
10_118,"[1,1,-2,1,-2,1,-2,-2,1,-2]"
10_119,"[1,1,-2,1,3,-2,1,-2,-3,-3,-2]"
10_120,"[1,1,2,-1,-3,-2,1,4,3,2,2,3,3,4]"
10_121,"[1,1,2,-3,2,-1,2,-3,2,-3,2]"
10_122,"[-1,-1,-2,3,-2,1,3,-2,3,-2,3]"
10_123,"[1,-2,1,-2,1,-2,1,-2,1,-2]"
10_124,"[1,1,1,1,1,2,1,1,1,2]"
10_125,"[-1,-1,-1,-1,-1,2,1,1,1,2]"
10_126,"[-1,-1,-1,-1,-1,-2,1,1,1,-2]"
10_127,"[1,1,1,1,1,2,-1,-1,2,2]"
10_128,"[1,1,1,2,1,1,2,2,3,-2,3]"
10_129,"[-1,-1,-1,2,1,1,-3,2,1,-3,2]"
10_130,"[1,1,1,-2,-1,-1,-2,-2,-3,2,-3]"
10_131,"[1,1,1,2,-1,-1,2,2,3,-2,3]"
10_132,"[1,1,1,-2,-1,-1,-2,-3,2,-3,-3]"
10_133,"[1,1,1,2,-1,-1,2,3,-2,3,3]"
10_134,"[1,1,1,2,1,1,2,3,-2,3,3]"
10_135,"[-1,-1,-1,-2,1,-2,3,2,2,2,3]"
10_136,"[-1,2,-1,2,3,-2,-2,-4,3,-4]"
10_137,"[1,-2,1,-2,3,2,2,-4,3,-4]"
10_138,"[-1,2,-1,2,3,2,2,-4,3,-4]"
10_139,"[1,1,1,1,2,1,1,1,2,2]"
10_140,"[-1,-1,-1,2,1,1,1,2,3,-2,3]"
10_141,"[-1,-1,-1,-1,2,1,1,1,2,2]"
10_142,"[1,1,1,2,1,1,1,2,3,-2,3]"
10_143,"[-1,-1,-1,-1,-2,1,1,1,-2,-2]"
10_144,"[1,1,2,-1,2,1,-3,2,1,-3,-2]"
10_145,"[-1,-1,-2,1,-2,-1,-3,-2,1,-2,-3]"
10_146,"[-1,-1,2,-1,2,1,-3,2,-1,2,-3]"
10_147,"[1,1,1,-2,1,-2,-3,2,-1,2,-3]"
10_148,"[-1,-1,-1,-1,-2,1,1,-2,1,-2]"
10_149,"[1,1,1,1,2,-1,2,-1,2,2]"
10_150,"[1,1,1,-2,1,1,3,-2,-1,3,2]"
10_151,"[-1,-1,-1,-2,1,1,-3,2,-1,-3,2]"
10_152,"[1,1,1,2,2,1,1,2,2,2]"
10_153,"[-1,-1,-1,-2,-1,-1,3,2,2,2,3]"
10_154,"[1,1,2,-1,2,1,3,2,2,2,3]"
10_155,"[-1,-1,-1,-2,1,1,-2,1,1,-2]"
10_156,"[-1,-1,-1,2,1,1,-3,-2,1,-2,-3]"
10_157,"[-1,-1,-1,-2,-2,1,-2,1,-2,-2]"
10_158,"[-1,-1,-1,-2,1,1,3,2,-1,2,3]"
10_159,"[1,1,1,2,-1,2,-1,-1,2,2]"
10_160,"[1,1,1,2,1,1,-3,2,-1,2,-3]"
10_161,"[1,1,1,2,-1,2,1,1,2,2]"
10_162,"[-1,-1,-2,1,1,-2,-2,-1,3,-2,3]"
10_163,"[1,1,-2,-1,-1,3,2,-1,2,2,3]"
10_164,"[1,1,-2,1,-2,-2,-3,2,-1,2,-3]"
10_165,"[-1,-1,-2,1,3,-2,1,-2,-3,-3,-2]"
11a_1,"[1,1,1,2,-1,2,2,-3,2,-3,-2,-4,3,-4]"
11a_2,"[1,1,-2,1,3,3,2,2,3,-4,3,-4]"
11a_3,"[-1,-1,-1,2,2,-1,-1,2,-3,2,-3]"
11a_4,"[-1,-1,-1,-2,1,3,3,-2,3,-4,3,-4]"
11a_5,"[-1,2,-1,2,2,3,-2,-4,-3,-3,5,-4,5]"
11a_6,"[-1,2,-1,2,2,3,3,-2,3,-4,3,-4]"
11a_7,"[-1,-1,-1,-1,2,2,-1,2,-3,2,-3]"
11a_8,"[-1,-1,-2,1,-2,3,3,-2,3,-4,3,-4]"
11a_9,"[-1,2,-1,2,-3,2,2,2,2,2,-3]"
11a_10,"[1,1,2,-1,2,2,2,-3,2,-3,-2,-4,3,-4]"
11a_11,"[-1,-1,2,-1,2,3,3,-2,3,-4,3,-4]"
11a_12,"[-1,2,-1,2,2,3,-2,-4,3,3,3,-4]"
11a_13,"[-1,2,-1,2,2,3,-2,3,4,-3,-5,4,-5]"
11a_14,"[1,1,-2,-2,1,-2,3,-2,-2,3,3]"
11a_15,"[1,1,-2,-2,1,-2,3,-2,-2,-2,3]"
11a_16,"[1,1,-2,-2,1,-2,-2,-3,2,4,-3,4]"
11a_17,"[1,1,-2,1,3,2,2,-4,-3,-3,5,-4,5]"
11a_18,"[-1,-1,2,-1,-3,2,2,4,3,3,3,4]"
11a_19,"[1,1,-2,1,-2,1,3,-2,-2,3,3]"
11a_20,"[1,1,-2,1,3,2,2,-4,3,3,3,-4]"
11a_21,"[1,1,-2,1,3,2,2,3,4,-3,-5,4,-5]"
11a_22,"[1,1,1,-2,1,1,3,-2,-2,3,3]"
11a_23,"[1,1,1,2,-1,-3,2,4,-3,-3,4,4]"
11a_24,"[1,1,1,2,-1,-1,3,-2,-2,3,-2,3,-2]"
11a_25,"[1,1,1,2,-1,-1,3,-2,3,-2,3,3,-2]"
11a_26,"[1,1,-2,-2,1,3,-2,-2,3,-2,3]"
11a_27,"[-1,-1,-1,-2,1,3,-2,3,-2,-4,3,-4]"
11a_28,"[-1,-1,2,-1,2,2,2,-1,-3,2,-3]"
11a_29,"[-1,-1,2,-1,2,-1,3,-2,-1,-4,3,2,-4,3]"
11a_30,"[1,1,2,-1,2,-3,-2,1,-2,-2,3,-4,3,-4]"
11a_31,"[1,1,-2,1,3,2,2,3,3,-4,3,-4]"
11a_32,"[-1,-1,2,-1,2,-3,2,4,3,3,3,4]"
11a_33,"[1,1,-2,-2,1,-2,-2,-2,3,-2,3]"
11a_34,"[1,1,1,-2,1,-2,3,-2,-2,3,3]"
11a_35,"[1,1,-2,1,-2,-2,3,-2,-2,3,3]"
11a_36,"[-1,-1,-1,-2,1,-2,-2,-3,2,4,3,3,3,4]"
11a_37,"[1,1,2,-1,-3,2,-3,4,-3,-3,4,4]"
11a_38,"[-1,-1,-2,1,-3,2,1,-3,-3,2,4,-3,2,4]"
11a_39,"[-1,-1,-1,2,-1,-3,2,4,3,3,3,4]"
11a_40,"[1,1,1,1,-2,1,3,-2,-2,3,3]"
11a_41,"[1,1,2,-1,2,-3,2,4,-3,-3,4,4]"
11a_42,"[1,1,2,-1,2,1,-3,2,4,-3,-5,4,-5]"
11a_43,"[1,1,2,-1,2,1,-3,2,4,3,3,3,4,4]"
11a_44,"[-1,-1,-1,-1,-2,-2,1,3,2,2,2,3,3]"
11a_45,"[1,1,-2,1,3,2,2,-4,3,-4,-5,4,-5]"
11a_46,"[1,1,-2,1,-2,-3,2,4,-3,-3,4,4]"
11a_47,"[1,1,-2,-2,1,3,-2,-2,-2,3,3]"
11a_48,"[-1,-1,-1,-2,1,-2,3,-2,-2,-4,3,-4]"
11a_49,"[1,1,1,-2,1,1,3,2,2,-4,3,-4]"
11a_50,"[1,1,1,2,-1,-3,2,4,3,3,-5,4,-5]"
11a_51,"[-1,2,-1,-3,2,4,-3,-3,-5,4,-5]"
11a_52,"[1,1,1,2,-1,2,-3,2,-3,-3,-2,-4,3,-4]"
11a_53,"[-1,-1,-1,-1,2,-1,2,-1,-3,2,-3]"
11a_54,"[-1,-1,-2,1,-2,3,-2,3,-2,-4,3,-4]"
11a_55,"[1,1,-2,1,3,-2,-2,-2,-2,-2,3]"
11a_56,"[1,1,2,-1,2,1,-3,2,-3,-3,-3,-4,3,-4]"
11a_57,"[-1,-1,-1,-1,2,2,1,3,-2,-2,-2,3,3]"
11a_58,"[1,1,-2,1,-2,-3,2,4,-3,-3,-3,4]"
11a_59,"[1,1,-2,1,-2,-3,2,-3,-4,3,5,-4,5]"
11a_60,"[1,1,1,1,-2,1,3,2,2,-4,3,-4]"
11a_61,"[1,1,2,-1,2,-3,2,4,3,3,-5,4,-5]"
11a_62,"[-1,-1,-1,-1,-1,2,-1,-1,-3,2,-3]"
11a_63,"[-1,-1,-2,1,-2,-2,3,-2,-2,-4,3,-4]"
11a_64,"[-1,-1,-1,-1,-2,1,3,-2,-2,-4,3,-4]"
11a_65,"[-1,-1,-1,-2,1,-2,-3,2,4,-3,-5,4,-5]"
11a_66,"[-1,-1,-1,2,-1,2,2,-1,-3,2,-3]"
11a_67,"[-1,-1,-2,1,3,-2,3,3,-2,-4,3,-4]"
11a_68,"[-1,2,-1,2,2,2,2,-1,-3,2,-3]"
11a_69,"[1,1,2,-1,2,2,-3,2,-3,-3,-2,-4,3,-4]"
11a_70,"[1,1,1,-2,1,3,-2,-1,3,-4,3,-2,3,-4]"
11a_71,"[1,1,-2,1,-2,1,-2,3,-2,3,3]"
11a_72,"[1,1,-2,1,-2,3,-2,-2,3,-2,3]"
11a_73,"[-1,2,-1,2,-1,2,-1,2,-3,2,-3]"
11a_74,"[-1,2,-1,2,2,2,-3,2,2,2,-3]"
11a_75,"[-1,2,-1,2,2,2,2,3,-2,-4,3,-4]"
11a_76,"[-1,-1,2,-1,2,-3,2,-1,-3,2,2]"
11a_77,"[-1,-1,-1,-2,1,-2,3,-2,3,-4,3,-4]"
11a_78,"[1,1,1,2,-1,2,-3,2,2,-4,3,-2,-4,-3]"
11a_79,"[-1,-1,2,-1,-1,2,-1,2,-3,2,-3]"
11a_80,"[-1,-1,2,-1,2,-1,2,2,-3,2,-3]"
11a_81,"[-1,2,-1,2,2,-1,2,2,-3,2,-3]"
11a_82,"[1,1,-2,1,-2,-2,3,-2,-2,-2,3]"
11a_83,"[1,1,1,-2,1,1,-2,3,-2,3,3]"
11a_84,"[1,1,-2,1,-2,-2,-2,-3,2,4,-3,4]"
11a_85,"[1,1,1,2,-1,-3,2,-3,4,-3,4,4]"
11a_86,"[-1,-1,2,2,2,2,-1,2,-3,2,-3]"
11a_87,"[1,1,2,-1,2,2,3,-2,-4,-3,2,-3,-3,-4]"
11a_88,"[-1,-1,-1,2,2,2,-1,2,-3,2,-3]"
11a_89,"[-1,2,-1,2,2,2,3,-2,3,-4,3,-4]"
11a_90,"[-1,-1,-1,2,-1,2,3,-2,3,-4,3,-4]"
11a_91,"[-1,-1,2,-1,2,2,3,-2,3,-4,3,-4]"
11a_92,"[-1,-1,-1,2,-1,-1,2,2,-3,2,-3]"
11a_93,"[-1,-1,-1,-2,1,3,-2,3,3,-4,3,-4]"
11a_94,"[1,1,1,1,2,2,-1,2,2,3,-2,3,3]"
11a_95,"[1,1,1,2,-1,2,2,3,-2,3,4,-3,4,4]"
11a_96,"[-1,2,-1,2,-3,2,4,-3,-5,4,-5]"
11a_97,"[-1,-1,-2,1,3,3,3,-2,3,-4,3,-4]"
11a_98,"[-1,-1,-2,1,3,-2,3,4,-3,4,-5,4,-5]"
11a_99,"[-1,2,-1,2,-3,2,2,-3,2,2,-3]"
11a_100,"[1,1,-2,1,3,2,2,2,3,-4,3,-4]"
11a_101,"[1,1,1,2,-1,-3,-2,-2,4,3,-2,3,3,4]"
11a_102,"[1,1,-2,1,3,-2,-1,-4,3,-2,3,3,3,-4]"
11a_103,"[1,1,2,-1,2,-3,2,2,4,-3,-2,-5,4,-3,-5]"
11a_104,"[1,1,1,2,-1,3,-2,-1,3,-2,-4,3,-2,-4]"
11a_105,"[1,1,1,-2,1,3,2,2,2,-4,3,-4]"
11a_106,"[1,1,-2,1,3,-2,-2,-2,-2,3,3]"
11a_107,"[-1,-1,-2,1,-2,-2,-3,2,4,3,3,3,4,4]"
11a_108,"[1,1,-2,-2,-2,1,-2,-2,3,-2,3]"
11a_109,"[1,1,-2,1,-2,3,-2,-2,-2,3,3]"
11a_110,"[1,1,-2,1,-2,-3,2,-3,-3,4,-3,4]"
11a_111,"[1,1,-2,1,-2,-2,-3,2,4,-3,4,4]"
11a_112,"[-1,-1,2,-1,-3,2,-1,2,2,2,-3]"
11a_113,"[-1,-1,-1,2,-1,-1,-3,2,-1,2,-3]"
11a_114,"[1,1,1,2,-1,3,2,2,-4,3,-2,3,-4,-4]"
11a_115,"[1,1,1,2,-1,-3,-2,-2,-2,4,3,-2,3,4]"
11a_116,"[1,1,1,2,-1,-3,-2,1,4,3,-2,3,4,4]"
11a_117,"[1,1,1,2,-1,2,-3,2,4,-3,4,4]"
11a_118,"[-1,2,-1,2,3,-2,3,-4,3,3,3,-4]"
11a_119,"[-1,2,-1,2,3,-2,3,3,4,-3,-5,4,-5]"
11a_120,"[-1,-1,-1,-2,1,-2,-2,3,-2,-4,3,-4]"
11a_121,"[-1,2,-1,-3,2,-3,4,-3,-5,4,-5]"
11a_122,"[-1,-1,-2,1,3,-2,-2,-4,3,-2,3,-4]"
11a_123,"[1,1,1,2,-1,2,3,-2,3,2,-4,3,-2,3,4,4]"
11a_124,"[1,1,1,2,2,-3,2,-1,2,3,3,3,2]"
11a_125,"[1,1,-2,1,3,-2,1,-2,3,3,-2]"
11a_126,"[1,1,-2,-2,3,-2,1,-2,3,3,-2]"
11a_127,"[1,1,-2,1,1,-2,1,3,-2,3,3]"
11a_128,"[1,-2,-1,3,-2,-1,3,-2,-4,3,5,-4,5]"
11a_129,"[-1,-1,-1,2,-1,-1,-3,2,-1,-3,2]"
11a_130,"[-1,-1,-2,1,3,-2,-2,-4,3,-2,-4,3]"
11a_131,"[-1,-1,2,-1,-1,-3,2,-1,2,2,-3]"
11a_132,"[1,1,1,-2,1,1,3,-2,-1,3,-2,-4,3,-4]"
11a_133,"[1,1,2,-1,-3,2,4,3,3,3,-5,4,-5]"
11a_134,"[1,1,-2,1,3,2,2,2,-4,3,-4,-4]"
11a_135,"[-1,2,-1,2,-3,2,-1,2,3,-4,3,-4]"
11a_136,"[-1,-1,-2,3,-2,1,-2,-4,3,-2,3,-4]"
11a_137,"[-1,-1,2,-1,2,1,3,-2,-1,-4,3,-2,-4,3]"
11a_138,"[1,1,-2,1,-2,1,3,-2,-1,3,-2,-4,3,-4]"
11a_139,"[1,1,1,-2,1,3,-2,-2,-2,3,3]"
11a_140,"[1,1,1,-2,1,-2,-3,2,4,-3,4,4]"
11a_141,"[-1,-1,2,-1,2,-1,2,3,-2,-4,3,-4]"
11a_142,"[-1,-1,-1,-1,2,-1,-1,-1,-3,2,-3]"
11a_143,"[-1,-1,-2,1,-2,3,-2,-2,-2,-4,3,-4]"
11a_144,"[-1,-1,-1,-1,-1,-2,1,3,-2,-4,3,-4]"
11a_145,"[-1,-1,-2,1,-2,-2,-3,2,4,-3,-5,4,-5]"
11a_146,"[-1,-1,-1,2,-1,-3,2,-1,2,2,-3]"
11a_147,"[1,1,-2,1,3,-2,1,3,3,-2,-2]"
11a_148,"[1,1,2,-1,3,-2,1,3,2,2,4,-3,-5,4,-5]"
11a_149,"[-1,2,-1,2,3,3,-4,3,-2,3,-4,3]"
11a_150,"[-1,-1,-2,-2,3,-2,1,-2,-4,3,-2,-4]"
11a_151,"[-1,-1,-1,2,-1,-3,2,-1,-3,2,2]"
11a_152,"[-1,-1,-2,1,3,-2,-4,3,-2,-4,3,3]"
11a_153,"[1,1,1,2,-1,-3,2,4,-3,-3,-3,4]"
11a_154,"[1,1,1,2,-1,-3,2,-3,-4,3,5,-4,5]"
11a_155,"[-1,-1,-2,1,3,2,-1,-4,-3,2,2,-3,-3,-4]"
11a_156,"[-1,-1,-1,2,-1,-1,-3,2,2,2,-3]"
11a_157,"[-1,-1,2,-1,-1,2,2,-1,-3,2,-3]"
11a_158,"[1,1,-2,-2,3,-2,-2,1,-2,3,-2]"
11a_159,"[1,1,-2,1,3,-2,-4,3,5,-4,5]"
11a_160,"[1,1,-2,1,3,-2,-2,3,-2,-2,3]"
11a_161,"[-1,-1,-1,2,-1,-1,2,3,-2,-4,3,-4]"
11a_162,"[-1,-1,2,-1,2,-1,-3,2,-1,-3,2]"
11a_163,"[-1,2,-1,-3,2,2,-1,2,2,2,-3]"
11a_164,"[-1,2,-1,2,-1,2,2,-1,-3,2,-3]"
11a_165,"[1,1,-2,1,3,-2,-2,-2,3,4,-3,4]"
11a_166,"[1,1,-2,1,-2,-3,2,4,-3,4,5,-4,5]"
11a_167,"[-1,2,-1,2,2,-1,2,3,-2,-4,3,-4]"
11a_168,"[1,1,2,-1,2,-3,2,2,-3,-3,-2,-4,3,-4]"
11a_169,"[-1,-1,-2,1,3,-2,-4,3,-2,3,3,-4]"
11a_170,"[1,1,-2,3,-2,1,-2,3,-2,3,-2]"
11a_171,"[1,1,-2,1,3,-2,3,-2,3,-2,3]"
11a_172,"[1,1,-2,1,1,3,-2,-1,-4,3,-2,3,3,-4]"
11a_173,"[1,1,1,-2,1,3,-2,-1,-4,3,-2,3,-4,3]"
11a_174,"[1,1,-2,1,-2,-2,-2,-2,3,-2,3]"
11a_175,"[1,1,-2,1,-2,-2,-2,3,-2,3,3]"
11a_176,"[1,1,1,-2,1,-2,-2,3,-2,3,3]"
11a_177,"[1,1,1,1,-2,1,-2,3,-2,3,3]"
11a_178,"[1,1,-2,1,-2,3,-2,3,3,4,-3,4]"
11a_179,"[-1,2,-1,2,2,2,2,2,-3,2,-3]"
11a_180,"[-1,-1,-1,2,-1,2,2,2,-3,2,-3]"
11a_181,"[1,1,2,-1,2,2,-3,2,2,-4,3,-2,-4,-3]"
11a_182,"[-1,-1,-1,-1,-1,2,-1,2,-3,2,-3]"
11a_183,"[-1,-1,-2,1,-2,-2,3,-2,3,-4,3,-4]"
11a_184,"[-1,-1,-1,-1,2,-1,2,2,-3,2,-3]"
11a_185,"[-1,-1,-2,1,-2,3,-2,3,3,-4,3,-4]"
11a_186,"[1,1,1,2,-1,2,2,2,2,3,-2,3,3]"
11a_187,"[1,1,-2,1,-2,-2,3,-2,-2,-4,3,2,-4,3]"
11a_188,"[-1,-1,-2,1,3,-2,3,3,3,-4,3,-4]"
11a_189,"[-1,-1,2,2,-1,2,-1,2,-3,2,-3]"
11a_190,"[1,1,-2,1,-2,-2,3,-2,3,4,-3,4]"
11a_191,"[1,1,1,1,1,2,-1,2,2,3,-2,3,3]"
11a_192,"[1,1,1,2,-1,2,2,3,-2,3,3,4,-3,4]"
11a_193,"[-1,-1,-1,-1,-2,1,3,-2,3,-4,3,-4]"
11a_194,"[-1,-1,-1,2,-1,-1,-1,2,-3,2,-3]"
11a_195,"[-1,-1,-2,1,-2,-3,2,4,-3,4,-5,4,-5]"
11a_196,"[-1,-1,2,-1,2,-1,-1,2,-3,2,-3]"
11a_197,"[1,1,1,2,-1,-3,-2,-2,4,3,-2,3,4,4]"
11a_198,"[1,1,-2,1,-2,-3,2,2,4,-3,-2,4,4,-3]"
11a_199,"[-1,-1,-1,2,-1,2,-3,2,2,4,-3,-2,4,-3]"
11a_200,"[1,1,1,2,-1,2,2,3,-2,-2,4,-3,2,4,4,3]"
11a_201,"[1,1,-2,1,3,-2,-1,-4,3,-2,3,-4,-5,4,-5]"
11a_202,"[1,1,1,1,-2,1,3,-2,-1,-4,3,-2,3,-4]"
11a_203,"[1,1,1,1,1,-2,1,3,-2,3,3]"
11a_204,"[1,1,2,-1,2,2,-3,2,4,-3,4,4]"
11a_205,"[-1,-1,-1,2,-1,2,2,3,-2,-4,3,-4]"
11a_206,"[-1,-1,-1,-1,-1,-1,2,-1,-3,2,-3]"
11a_207,"[-1,-1,-2,1,-2,-2,-2,3,-2,-4,3,-4]"
11a_208,"[-1,-1,-1,-1,-2,1,-2,3,-2,-4,3,-4]"
11a_209,"[-1,-1,2,1,-3,2,1,4,-3,-2,4,-3,-5,4,-5]"
11a_210,"[-1,-1,-2,1,3,-2,3,3,4,-3,-5,4,-5]"
11a_211,"[-1,-1,-2,1,-2,-3,2,-3,4,-3,-5,4,-5]"
11a_212,"[1,1,1,2,-1,3,2,2,-4,3,3,-2,3,-4]"
11a_213,"[1,1,1,2,-1,3,2,2,2,-4,3,-2,3,-4]"
11a_214,"[1,1,2,-1,2,-3,2,4,-3,-2,-5,4,-3,4,-5]"
11a_215,"[1,1,-2,1,1,3,-2,1,-2,3,3]"
11a_216,"[1,1,-2,1,3,-2,1,-2,-2,3,3]"
11a_217,"[-1,-1,2,-1,-3,2,-1,-1,2,2,-3]"
11a_218,"[-1,2,-1,-3,-2,-2,4,3,-2,3,-5,4,-5]"
11a_219,"[-1,-1,-2,1,-2,-3,2,2,4,-3,-2,-5,4,-3,-5]"
11a_220,"[1,1,1,-2,1,3,-2,3,4,-3,4,4]"
11a_221,"[-1,-1,-1,-1,2,-1,-3,2,2,2,-3]"
11a_222,"[-1,-1,-2,1,-2,3,-2,-4,3,3,3,-4]"
11a_223,"[1,1,1,-2,1,1,1,3,-2,3,3]"
11a_224,"[1,1,1,1,2,-1,-3,2,4,-3,4,4]"
11a_225,"[-1,-1,-1,-1,2,-1,2,3,-2,-4,3,-4]"
11a_226,"[-1,-1,-2,1,-2,3,-2,3,4,-3,-5,4,-5]"
11a_227,"[1,1,1,2,2,-3,2,-1,2,3,3,2,2]"
11a_228,"[-1,2,-1,-3,-2,4,3,-2,3,3,-5,4,-5]"
11a_229,"[1,1,1,2,-1,-3,2,4,-3,4,5,-4,5]"
11a_230,"[1,1,2,-1,2,3,-2,-4,3,5,-4,5,5]"
11a_231,"[1,1,-2,-2,-2,1,3,-2,-2,-2,3]"
11a_232,"[1,1,-2,-2,3,-2,1,-2,-2,3,-2]"
11a_233,"[1,1,-2,-2,3,-2,1,-2,3,-2,3]"
11a_234,"[1,1,1,1,1,1,1,1,2,-1,2,2]"
11a_235,"[1,1,1,2,-1,2,2,2,2,2,3,-2,3]"
11a_236,"[1,1,1,1,2,-1,2,2,2,3,-2,3,3]"
11a_237,"[1,1,1,2,-1,2,2,2,3,-2,-2,4,-3,2,4,3]"
11a_238,"[1,1,1,2,-1,2,2,2,3,-2,3,4,-3,4]"
11a_239,"[1,1,-2,3,-2,1,3,-2,3,-2,3]"
11a_240,"[1,1,1,1,1,1,2,2,-1,2,2,2]"
11a_241,"[1,1,1,1,2,2,-1,2,2,2,3,-2,3]"
11a_242,"[1,1,1,1,1,1,2,-1,2,3,-2,3,3]"
11a_243,"[1,1,1,2,-1,2,3,-2,3,3,3,4,-3,4]"
11a_244,"[1,1,1,2,2,-3,2,-1,2,2,3,3,2]"
11a_245,"[1,1,1,1,2,-1,2,3,3,-2,3,3,3]"
11a_246,"[1,1,1,1,2,-1,2,3,-2,3,4,-3,4,4]"
11a_247,"[1,1,1,2,-1,2,3,-2,3,4,-3,4,5,-4,5]"
11a_248,"[-1,-1,-1,2,-3,2,-1,2,-3,2,-3]"
11a_249,"[-1,-1,-2,1,3,-4,3,-2,3,-4,3,-4]"
11a_250,"[-1,2,2,2,-1,2,-3,2,2,2,-3]"
11a_251,"[1,1,1,1,-2,-2,-1,-3,2,-3,2,-3,-3]"
11a_252,"[-1,2,-1,2,2,-1,-3,2,2,2,-3]"
11a_253,"[-1,-1,2,-1,2,-1,-3,2,2,2,-3]"
11a_254,"[1,1,1,1,-2,-2,-1,-3,2,2,-3,2,-3]"
11a_255,"[-1,-1,-1,2,-1,-3,2,-1,2,-3,2]"
11a_256,"[-1,-1,-2,1,3,-2,-4,3,-2,3,-4,3]"
11a_257,"[-1,-1,-1,2,-1,2,-3,2,2,2,-3]"
11a_258,"[-1,-1,-2,1,3,-2,3,-4,3,3,3,-4]"
11a_259,"[1,1,1,-2,1,1,3,-2,3,3,3]"
11a_260,"[1,1,1,-2,1,1,3,-2,3,4,-3,4]"
11a_261,"[-1,-1,-1,2,-1,-3,2,-3,2,-3,-3]"
11a_262,"[-1,-1,2,-1,2,-1,-3,2,-3,-4,3,-4]"
11a_263,"[1,1,1,1,2,2,-1,3,2,2,2,3,3]"
11a_264,"[1,1,1,-2,1,3,-2,-2,3,-2,3]"
11a_265,"[1,1,2,-1,-3,2,4,-3,-3,4,-3,4]"
11a_266,"[-1,2,-1,2,-3,2,-1,-3,2,-3,2]"
11a_267,"[-1,-1,2,-1,2,-3,2,-1,-3,2,-3]"
11a_268,"[-1,2,-1,2,-3,2,-1,2,2,2,-3]"
11a_269,"[-1,2,-1,2,2,-3,2,-1,2,-3,2]"
11a_270,"[1,1,2,-1,2,-3,-3,-2,-4,3,-2,3,-4,3]"
11a_271,"[1,1,-2,1,-2,1,3,-2,-1,4,-3,2,4,3]"
11a_272,"[1,1,-2,-1,3,-2,1,-4,3,-2,3,-2,-4,3]"
11a_273,"[-1,-1,2,-1,2,-3,2,1,-3,-2,-2,-4,3,-4]"
11a_274,"[-1,-1,2,2,-1,-3,2,-1,2,-3,2]"
11a_275,"[1,1,1,-2,1,3,-2,-1,4,-3,2,2,4,3]"
11a_276,"[1,1,-2,1,3,-2,-1,4,-3,2,2,4,3,3]"
11a_277,"[1,1,1,-2,1,-2,3,-2,1,-2,3]"
11a_278,"[1,1,2,-1,-3,2,-3,4,-3,2,-3,4]"
11a_279,"[-1,-1,-2,1,3,2,2,2,2,-4,-3,2,-3,-4]"
11a_280,"[1,1,2,-1,-1,2,3,-2,1,-4,-3,2,-5,4,-3,-5,-4]"
11a_281,"[-1,2,2,-1,2,-3,2,-1,2,2,-3]"
11a_282,"[1,-2,1,-2,-2,-2,3,-2,1,-2,3]"
11a_283,"[-1,-1,-1,2,-1,2,-3,2,1,-4,3,-2,-4,-3]"
11a_284,"[1,1,-2,1,3,-2,1,3,-2,-2,3]"
11a_285,"[-1,-1,2,-1,-1,-3,2,1,4,-3,2,4,-3,4]"
11a_286,"[-1,2,-1,2,2,-3,2,-1,2,2,-3]"
11a_287,"[-1,2,-1,2,-1,-3,2,-1,2,2,-3]"
11a_288,"[1,-2,1,-2,3,-2,1,3,-2,-2,3]"
11a_289,"[1,1,-2,1,-2,-2,3,-2,1,-2,3]"
11a_290,"[-1,-1,2,-1,2,2,-3,2,1,-4,3,-2,-4,-3]"
11a_291,"[1,1,2,2,2,2,-3,2,-1,2,3,3,2]"
11a_292,"[1,1,2,-1,2,1,-3,2,-1,2,3,3,3,4,-3,4]"
11a_293,"[1,-2,-2,-2,-2,3,-2,1,-2,3,-2]"
11a_294,"[-1,-1,-2,1,-2,3,2,4,-3,2,-3,4,-3,-3]"
11a_295,"[-1,-1,-1,-1,-2,1,3,2,-1,-4,-3,2,-3,-4]"
11a_296,"[-1,-1,-2,1,-2,-3,2,4,3,-2,-5,-4,3,-4,-5]"
11a_297,"[-1,-1,2,-1,-1,-3,2,1,-3,4,-3,2,-3,4]"
11a_298,"[1,1,1,1,2,2,-3,2,-1,2,3,3,2]"
11a_299,"[1,1,2,-1,2,3,3,-4,3,-2,3,4,4,3]"
11a_300,"[-1,-1,2,-1,-3,2,-1,2,-3,2,2]"
11a_301,"[-1,-1,2,-1,-3,2,-1,-3,2,-3,2]"
11a_302,"[-1,-1,2,-1,-3,2,-1,-3,-3,2,-3]"
11a_303,"[-1,-1,2,-1,2,1,3,-2,-1,3,2,4,-3,4]"
11a_304,"[1,1,1,-2,1,1,3,-2,-1,4,-3,2,4,3]"
11a_305,"[1,-2,1,-2,-2,3,-2,-2,1,-2,3]"
11a_306,"[-1,-1,-1,2,-1,2,-3,2,-3,-3,-3]"
11a_307,"[-1,-1,-1,2,-1,2,-3,2,-3,-4,3,-4]"
11a_308,"[1,1,1,1,-2,1,3,-2,3,3,3]"
11a_309,"[1,1,1,-2,1,3,-2,3,3,4,-3,4]"
11a_310,"[1,1,1,1,-2,1,3,-2,3,4,-3,4]"
11a_311,"[1,1,2,-1,2,-3,2,4,-3,4,5,-4,5]"
11a_312,"[-1,-1,-1,-1,-2,1,3,2,2,-4,-3,2,-3,-4]"
11a_313,"[-1,-1,-2,1,-2,-3,2,4,3,3,-5,-4,3,-4,-5]"
11a_314,"[1,1,-2,1,-2,1,3,-2,1,-2,3]"
11a_315,"[1,1,-2,1,-2,3,-2,1,-2,-2,3]"
11a_316,"[1,1,1,-2,-2,3,-2,1,-2,3,-2]"
11a_317,"[1,1,1,-2,1,-3,2,-1,-3,-2,-2,-4,3,-4]"
11a_318,"[1,1,2,2,-3,2,-1,2,2,3,3,2,2]"
11a_319,"[1,1,2,2,2,-3,2,-1,2,3,3,2,2]"
11a_320,"[1,1,1,2,-1,2,-3,-2,1,4,-3,2,2,4,3,3]"
11a_321,"[-1,-1,-1,2,-1,-3,2,-1,-3,2,-4,3,-2,-4]"
11a_322,"[-1,-1,2,-1,-1,-3,2,1,4,-3,2,-3,4,-3]"
11a_323,"[1,1,2,-1,-3,-3,4,-3,2,-3,4,-3]"
11a_324,"[-1,-1,-2,1,3,-2,-4,3,-2,-4,3,-5,4,-3,-5]"
11a_325,"[-1,-1,-2,1,-3,-2,-2,4,-3,2,-3,4,5,-4,5]"
11a_326,"[1,1,-2,1,-2,3,-2,1,-2,3,-2]"
11a_327,"[1,1,2,-1,-3,-2,1,-2,4,3,-2,3,3,4]"
11a_328,"[1,1,-2,1,1,3,-2,-1,4,-3,2,4,3,3]"
11a_329,"[1,1,2,-1,2,-3,-2,1,-4,3,2,2,3,4,4,3]"
11a_330,"[1,-2,-2,-2,3,-2,1,-2,3,-2,-2]"
11a_331,"[-1,-1,2,-1,-3,2,1,4,-3,2,-3,-3,4,-3]"
11a_332,"[1,-2,1,3,-2,-2,1,3,-2,-2,3]"
11a_333,"[-1,-1,-2,1,3,-2,3,-4,3,-4,-5,4,-5]"
11a_334,"[1,1,1,1,1,1,2,-1,2,2,2,2]"
11a_335,"[1,1,1,1,1,2,-1,2,2,2,3,-2,3]"
11a_336,"[1,1,1,1,1,1,2,-1,2,2,3,-2,3]"
11a_337,"[1,1,2,-1,2,2,2,3,-2,3,3,4,-3,4]"
11a_338,"[1,1,1,1,1,2,2,2,-1,2,2,2]"
11a_339,"[1,1,1,1,1,2,-1,2,3,-2,3,3,3]"
11a_340,"[1,1,1,1,2,2,2,-1,2,2,3,-2,3]"
11a_341,"[1,1,1,1,2,-1,2,3,-2,3,3,4,-3,4]"
11a_342,"[1,1,1,1,1,2,-1,2,3,-2,3,4,-3,4]"
11a_343,"[1,1,2,-1,2,2,3,-2,3,4,-3,4,5,-4,5]"
11a_344,"[1,1,1,1,2,-1,3,2,2,-4,3,-2,3,-4]"
11a_345,"[1,1,2,-1,2,3,-2,4,3,3,-5,4,-3,4,-5]"
11a_346,"[-1,2,2,2,-3,2,-1,2,2,-3,2]"
11a_347,"[1,1,-2,-1,3,-2,1,-4,3,-2,3,3,-4,3]"
11a_348,"[1,1,1,-2,1,3,-2,1,3,-2,3]"
11a_349,"[1,1,2,-1,-3,2,4,-3,2,4,-3,4]"
11a_350,"[1,-2,1,-2,-2,3,-2,1,3,-2,3]"
11a_351,"[1,-2,1,3,-2,1,3,-2,-2,-2,3]"
11a_352,"[-1,-1,2,1,-3,2,-1,2,4,-3,2,4,-3,4]"
11a_353,"[1,1,2,2,2,-3,2,-1,2,2,3,3,2]"
11a_354,"[1,1,1,2,-1,2,1,-3,2,-1,2,3,3,4,-3,4]"
11a_355,"[1,1,1,1,1,1,1,2,-1,2,2,2]"
11a_356,"[1,1,1,1,2,-1,2,2,2,2,3,-2,3]"
11a_357,"[1,1,1,1,2,-1,2,2,3,-2,3,3,3]"
11a_358,"[1,1,1,1,1,1,1,2,-1,2,3,-2,3]"
11a_359,"[1,1,2,-1,2,2,2,2,3,-2,3,4,-3,4]"
11a_360,"[1,1,1,1,2,-1,2,2,3,-2,3,4,-3,4]"
11a_361,"[1,1,1,1,2,-1,2,2,3,-2,-2,4,-3,2,4,3]"
11a_362,"[1,1,2,-1,2,2,3,-2,-2,4,-3,2,4,5,-4,3,5]"
11a_363,"[1,1,2,-1,2,3,-2,3,3,4,-3,4,5,-4,5]"
11a_364,"[1,1,1,1,1,1,1,1,1,2,-1,2]"
11a_365,"[1,1,2,-1,2,2,2,2,2,2,3,-2,3]"
11a_366,"[1,1,2,-1,2,2,2,2,3,-2,-2,4,-3,2,4,3]"
11a_367,"[1,1,1,1,1,1,1,1,1,1,1]"
11n_1,"[-1,-1,-1,-2,1,-3,2,-3,-2,-4,3,-4]"
11n_2,"[1,1,1,2,-1,2,3,2,2,-4,3,-4]"
11n_3,"[-1,-1,-1,-2,1,-2,3,2,2,-4,3,-4]"
11n_4,"[1,1,1,2,-1,-1,-3,2,-1,-3,2]"
11n_5,"[1,1,1,2,-1,-3,2,-1,-3,2,2]"
11n_6,"[-1,-1,-2,1,-2,-1,3,2,2,-4,3,-4]"
11n_7,"[1,1,1,2,-1,3,-2,3,-2,-4,3,-4]"
11n_8,"[-1,-1,-2,1,-2,-1,3,-2,-2,-4,3,-4]"
11n_9,"[1,1,1,2,2,1,1,2,-3,2,-3]"
11n_10,"[-1,-1,-1,-2,1,-2,-2,-1,-3,2,-3]"
11n_11,"[1,1,1,1,2,-1,2,-1,-3,2,-3]"
11n_12,"[1,1,-2,1,-2,-2,3,2,-1,2,3]"
11n_13,"[1,1,1,1,1,2,1,1,-3,2,-3]"
11n_14,"[-1,-1,-1,-1,-2,1,-2,-1,-3,2,-3]"
11n_15,"[1,1,1,1,1,2,-1,-1,-3,2,-3]"
11n_16,"[1,1,2,-1,2,2,3,2,2,-4,3,-4]"
11n_17,"[-1,-1,-2,1,-2,-3,2,-3,-2,-4,3,-4]"
11n_18,"[1,1,2,-1,2,2,3,-2,-2,-4,3,-4]"
11n_19,"[-1,-1,-1,-1,-1,2,1,1,-3,2,-3]"
11n_20,"[-1,-1,-2,1,-2,-2,3,2,2,-4,3,-4]"
11n_21,"[1,1,1,2,-1,-1,-3,2,2,-3,-3]"
11n_22,"[1,1,2,-1,2,1,3,-2,-2,3,3]"
11n_23,"[1,1,1,2,1,1,-3,2,2,-3,-3]"
11n_24,"[1,1,1,-2,-1,-1,3,-2,-2,3,3]"
11n_25,"[1,1,1,-2,1,1,-3,2,-1,-3,2]"
11n_26,"[1,1,2,-1,2,1,3,-2,-2,-2,3]"
11n_27,"[1,1,1,2,1,1,-3,2,2,2,-3]"
11n_28,"[1,1,1,2,-1,-1,2,3,-2,-4,3,-4]"
11n_29,"[1,1,2,-1,-1,2,1,-3,2,4,-3,4]"
11n_30,"[1,1,1,2,1,1,2,3,-2,-4,3,-4]"
11n_31,"[1,1,2,-1,2,1,3,2,2,-4,3,-4]"
11n_32,"[1,1,1,2,-1,-1,-3,-2,-2,4,-3,4]"
11n_33,"[1,1,1,-2,-1,-1,3,2,2,-4,3,-4]"
11n_34,"[-1,-1,2,-1,2,-1,3,-2,-2,3,3]"
11n_35,"[1,1,-2,1,-2,1,3,2,2,3,3]"
11n_36,"[-1,-1,2,-1,2,-1,3,2,2,3,3]"
11n_37,"[-1,-1,-1,-2,1,1,3,-2,-1,3,2]"
11n_38,"[1,1,1,-2,-1,-3,2,-1,2,-3,-2]"
11n_39,"[1,1,1,2,-1,-1,-3,2,2,-3,2,-3,-2]"
11n_40,"[1,-2,1,-2,-2,1,3,2,2,2,3]"
11n_41,"[-1,2,-1,2,2,-1,3,2,2,2,3]"
11n_42,"[-1,-1,-1,-1,2,2,1,-3,2,2,-3,2,-3]"
11n_43,"[1,1,-2,1,-2,1,3,2,2,2,3]"
11n_44,"[-1,-1,2,-1,2,-1,3,2,2,2,3]"
11n_45,"[1,1,-2,-2,1,-3,2,2,-3,2,-3]"
11n_46,"[1,1,2,2,1,3,-2,-2,3,-2,3]"
11n_47,"[1,1,2,2,1,-3,2,2,-3,2,-3]"
11n_48,"[-1,-1,-1,-1,-2,1,1,1,3,-2,3]"
11n_49,"[-1,-1,-2,1,-2,-3,2,2,2,4,-3,4]"
11n_50,"[-1,-1,-2,1,-2,-3,2,-1,2,2,-3]"
11n_51,"[-1,-1,-1,2,1,1,3,-2,1,3,2]"
11n_52,"[1,1,1,2,-1,-1,2,2,-3,2,-3]"
11n_53,"[1,1,1,-2,-1,-1,-2,-2,3,-2,3]"
11n_54,"[1,1,2,-1,-1,2,1,3,-2,3,3]"
11n_55,"[1,1,1,2,-1,-1,2,-3,2,-3,-3]"
11n_56,"[1,1,1,-2,-1,-1,-2,3,-2,3,3]"
11n_57,"[1,1,1,2,1,1,2,2,-3,2,-3]"
11n_58,"[1,1,1,2,-1,-1,-3,2,-3,-3,-3]"
11n_59,"[1,1,1,-2,1,-2,3,2,2,2,3]"
11n_60,"[1,1,1,2,1,1,-3,2,-3,-3,-3]"
11n_61,"[1,1,1,2,1,1,2,-3,2,-3,-3]"
11n_62,"[1,1,1,2,-1,-1,-3,2,-3,-4,3,-4]"
11n_63,"[1,1,2,-1,2,1,3,-2,3,4,-3,4]"
11n_64,"[1,1,1,2,1,1,-3,2,-3,-4,3,-4]"
11n_65,"[-1,-2,1,-2,-2,-3,2,-1,2,2,-3]"
11n_66,"[1,1,1,2,-1,2,1,-3,2,-1,2,-3,-3]"
11n_67,"[1,1,1,2,-1,-1,3,-2,-2,-4,3,2,-4,3]"
11n_68,"[-1,-1,-2,1,3,2,2,4,-3,2,4,3]"
11n_69,"[1,1,2,-1,3,2,2,-4,3,2,-4,3]"
11n_70,"[1,1,1,-2,1,1,-3,2,1,-3,-2]"
11n_71,"[1,1,2,2,1,3,-2,-2,-2,3,3]"
11n_72,"[1,1,-2,-2,1,3,2,2,2,3,3]"
11n_73,"[1,1,-2,-2,1,-3,2,2,2,-3,-3]"
11n_74,"[1,1,1,1,-2,-2,-1,3,-2,-2,-2,3,3]"
11n_75,"[-1,-1,2,2,2,-1,-3,-2,-2,-2,-3]"
11n_76,"[1,1,-2,-2,1,-3,-2,-2,-2,-3,-3]"
11n_77,"[1,1,2,2,1,3,2,2,2,3,3]"
11n_78,"[-1,-1,2,2,2,-1,3,2,2,2,3]"
11n_79,"[1,1,1,-2,-1,-1,3,-2,3,4,-3,4]"
11n_80,"[-1,-1,-1,-2,-1,-1,3,2,2,-4,3,-4]"
11n_81,"[1,1,2,2,2,1,-3,2,2,2,-3]"
11n_82,"[1,1,1,1,-2,-1,-1,-1,3,-2,3]"
11n_83,"[1,1,2,-1,2,-3,-2,-2,-2,4,-3,4]"
11n_84,"[-1,-1,2,-1,2,-3,-2,1,-2,-2,-3]"
11n_85,"[-1,-1,-1,2,1,1,1,2,-3,2,-3]"
11n_86,"[1,1,2,-1,-1,-3,2,-1,2,2,-3]"
11n_87,"[-1,-1,-2,1,-2,-1,-3,2,-1,-3,2]"
11n_88,"[1,1,1,1,2,1,1,1,-3,2,-3]"
11n_89,"[-1,-1,-1,2,-1,-3,-2,1,-2,-2,-3]"
11n_90,"[1,1,2,-1,2,3,2,2,2,-4,3,-4]"
11n_91,"[-1,-1,-2,1,3,-2,-4,-3,2,-3,-3,-4]"
11n_92,"[-1,-1,-1,2,1,1,-3,2,-1,2,-3]"
11n_93,"[1,1,1,2,1,1,-3,2,-1,2,3,3,3]"
11n_94,"[1,1,2,-1,-3,2,-1,-3,2,2,-3]"
11n_95,"[1,1,1,2,-1,2,3,2,-1,2,3]"
11n_96,"[1,1,2,1,1,-3,-2,1,-2,-2,-3]"
11n_97,"[-1,-1,-1,2,1,1,-3,2,2,4,-3,-2,4,-3]"
11n_98,"[1,1,1,-2,1,-2,-1,3,-2,1,-2,-3,-3]"
11n_99,"[-1,-2,1,-2,-2,-2,-3,2,-1,2,-3]"
11n_100,"[-1,-1,2,1,-3,2,1,4,-3,2,-3,4]"
11n_101,"[-1,-1,-2,1,3,2,-1,2,-4,3,-2,-4]"
11n_102,"[-1,-2,1,-2,-1,-3,-2,1,-2,4,-3,4]"
11n_103,"[-1,-1,-1,-2,1,-2,-1,3,-2,1,-2,-2,3]"
11n_104,"[1,1,1,2,1,1,1,2,-3,2,-3]"
11n_105,"[1,1,-2,1,-2,3,2,2,2,3,3]"
11n_106,"[-1,-1,-1,2,1,1,1,-3,2,-3,-3]"
11n_107,"[1,1,1,2,1,1,1,-3,2,-3,-3]"
11n_108,"[-1,-1,2,-1,-1,-3,-2,1,-2,-2,-3]"
11n_109,"[-1,-1,-1,2,-1,-1,-3,-2,1,-2,-3]"
11n_110,"[1,1,1,2,-1,-1,-3,2,-1,2,-3]"
11n_111,"[1,1,1,2,1,1,-3,-2,1,-2,-3]"
11n_112,"[1,1,2,-1,2,-3,2,-1,2,2,-3]"
11n_113,"[-1,-1,-2,1,3,-2,-2,-4,-3,2,-3,-4]"
11n_114,"[1,1,-2,1,3,2,-1,-4,-3,2,-3,-4]"
11n_115,"[1,1,2,-1,3,-2,-2,-4,3,-2,3,-4]"
11n_116,"[1,1,2,-1,3,-2,-2,-4,-3,2,-3,-4]"
11n_117,"[1,1,2,-1,3,2,2,-4,-3,2,-3,-4]"
11n_118,"[1,1,1,2,1,3,-2,1,-2,3,2]"
11n_119,"[-1,-1,-2,1,3,-2,1,-2,3,3,-2]"
11n_120,"[-1,-1,2,-1,2,2,3,2,-1,2,3]"
11n_121,"[-1,-1,-2,-1,-1,3,-2,1,-2,-4,3,-4]"
11n_122,"[-1,-1,-1,2,-1,2,-3,-2,1,-2,-3]"
11n_123,"[1,1,-2,1,3,-2,-1,-4,-3,2,-3,-4]"
11n_124,"[1,1,2,-1,3,-2,1,-4,3,-2,3,-4]"
11n_125,"[1,1,1,2,-1,-3,2,-1,2,2,-3]"
11n_126,"[1,1,1,2,1,1,2,-3,2,-1,2,3,3]"
11n_127,"[-1,-1,-2,1,1,-2,-2,-1,-3,2,-3]"
11n_128,"[1,1,-2,1,-2,1,-3,2,1,-3,-2]"
11n_129,"[-1,-1,-2,1,-2,-2,3,-2,1,-2,3]"
11n_130,"[-1,-1,-2,1,-2,3,-2,1,3,-2,3]"
11n_131,"[-1,2,-1,2,3,-2,-2,-4,-3,2,-3,-4]"
11n_132,"[1,1,-2,-1,-3,2,-1,2,-3,-2,-2]"
11n_133,"[1,1,2,1,-3,2,1,-3,2,-3,2]"
11n_134,"[-1,-1,-2,1,-2,-2,-3,2,-1,2,-3]"
11n_135,"[1,1,2,-1,2,1,1,2,-3,2,-3]"
11n_136,"[1,1,1,2,-1,3,-2,1,1,3,2,2,2]"
11n_137,"[-1,-1,-1,-1,-2,1,-2,-1,3,-2,1,-2,3]"
11n_138,"[-1,-2,1,-2,-3,2,-1,2,2,2,-3]"
11n_139,"[1,1,2,-1,3,-2,3,4,-3,2,-3,4]"
11n_140,"[-1,-1,-2,1,-2,-3,2,-3,-2,4,-3,2,-3,4]"
11n_141,"[1,1,2,-1,2,-3,2,-3,-2,-4,-3,2,-3,-4]"
11n_142,"[1,1,2,-1,-3,-2,-4,3,-2,3,-4,-3]"
11n_143,"[1,1,-2,1,-2,1,-3,2,-1,2,-3]"
11n_144,"[1,1,-2,1,1,3,2,-1,2,3,3]"
11n_145,"[1,1,2,1,-3,2,1,-3,-2,-2,-3]"
11n_146,"[1,1,2,2,3,-2,1,-2,3,-2,3]"
11n_147,"[1,1,2,1,-3,2,1,-3,2,2,-3]"
11n_148,"[1,1,2,-3,2,1,-3,2,-3,2,-3]"
11n_149,"[1,1,1,2,1,-3,2,1,-3,2,-3]"
11n_150,"[1,1,2,-1,3,2,-4,3,2,-4,3,-4]"
11n_151,"[1,1,1,1,-2,-2,-1,3,-2,3,-2,3,3]"
11n_152,"[1,1,-2,1,-2,1,-3,2,2,2,-3]"
11n_153,"[-1,-1,-1,2,-1,2,3,2,-1,2,3]"
11n_154,"[1,1,1,2,-1,-3,2,-1,2,-3,2]"
11n_155,"[-1,-1,-2,1,3,-2,3,4,3,-2,3,4]"
11n_156,"[1,1,2,-1,-3,2,-1,-3,2,-3,2]"
11n_157,"[-1,-1,-1,-2,1,3,-2,1,3,-2,3]"
11n_158,"[-1,2,-1,2,3,2,-1,2,2,2,3]"
11n_159,"[-1,-1,-2,-2,-1,-3,2,-1,2,-3,2]"
11n_160,"[1,1,2,-1,2,-3,2,-1,2,-3,2]"
11n_161,"[1,1,1,2,1,-3,-2,1,4,-3,2,-3,4,-3]"
11n_162,"[1,1,2,-1,2,1,3,-2,-1,3,2,4,-3,4]"
11n_163,"[1,1,2,-1,2,1,-3,2,-1,2,-3,2,-3]"
11n_164,"[1,1,1,-2,-1,3,-2,-1,3,2,2,3,3]"
11n_165,"[-1,-1,-2,1,-3,2,4,-3,2,4,-3,4]"
11n_166,"[-1,-1,2,-1,2,3,2,-1,2,2,3]"
11n_167,"[1,1,1,2,-1,2,-3,2,-1,2,-3]"
11n_168,"[1,1,2,-1,3,-2,3,-4,3,-2,3,-4]"
11n_169,"[1,1,1,1,2,1,1,-3,2,-1,2,3,3]"
11n_170,"[-1,-1,-2,1,-2,3,2,-1,-4,3,-2,-2,-4,3]"
11n_171,"[1,1,2,-1,2,3,2,2,-4,3,-2,3,4,4]"
11n_172,"[-1,-2,1,-2,-1,-3,2,-1,2,2,-3]"
11n_173,"[-1,2,-1,3,2,2,-1,3,2,2,3]"
11n_174,"[1,1,-2,1,3,-2,1,3,2,2,3]"
11n_175,"[1,1,1,2,1,-3,-2,1,4,-3,2,4,-3,4]"
11n_176,"[-1,-1,2,-1,2,-1,-3,-2,1,-2,-3]"
11n_177,"[-1,2,-1,2,-1,3,2,-1,2,2,3]"
11n_178,"[1,-2,1,-2,3,-2,1,3,2,2,3]"
11n_179,"[-1,-1,2,-1,-1,2,1,-3,2,-1,2,3,3]"
11n_180,"[1,1,1,1,2,-1,3,-2,1,1,3,2,2]"
11n_181,"[1,1,2,1,1,-3,2,-1,2,3,3,4,-3,4]"
11n_182,"[1,1,-2,1,-2,1,-3,-2,1,-2,-3]"
11n_183,"[1,-2,1,3,2,2,1,3,2,2,3]"
11n_184,"[1,-2,1,3,-2,-2,1,3,2,2,3]"
11n_185,"[1,-2,1,3,-2,1,3,2,2,2,3]"