Name,HOMFLY (vector)
3_1,{0; 1; {1; 2; 2; -1}; {1; 1; 1}}
4_1,{0; 1; {-1; 1; 1; -1; 1}; {0; 0; -1}}
5_1,{0; 2; {2; 3; 3; -2}; {2; 3; 4; -1}; {2; 2; 1}}
5_2,{0; 1; {1; 3; 1; 1; -1}; {1; 2; 1; 1}}
6_1,{0; 1; {-1; 2; 1; 0; -1; 1}; {0; 1; -1; -1}}
6_2,{0; 2; {0; 2; 2; -2; 1}; {0; 2; 1; -3; 1}; {1; 1; -1}}
6_3,{0; 2; {-1; 1; -1; 3; -1}; {-1; 1; -1; 3; -1}; {0; 0; 1}}
7_1,{0; 3; {3; 4; 4; -3}; {3; 4; 10; -4}; {3; 4; 6; -1}; {3; 3; 1}}
7_2,{0; 1; {1; 4; 1; 0; 1; -1}; {1; 3; 1; 1; 1}}
7_3,{0; 2; {2; 4; 1; 2; -2}; {2; 4; 3; 3; -1}; {2; 3; 1; 1}}
7_4,{0; 1; {2; 4; 2; 0; -1}; {1; 3; 1; 2; 1}}
7_5,{0; 2; {2; 4; 2; 0; -1}; {2; 4; 3; 2; -1}; {2; 3; 1; 1}}
7_6,{0; 2; {0; 3; 1; -1; 2; -1}; {0; 2; 1; -2; 2}; {1; 1; -1}}
7_7,{0; 2; {-2; 0; 1; -2; 2}; {-1; 1; -2; 2; -1}; {0; 0; 1}}
8_1,{0; 1; {-1; 3; 1; 0; 0; -1; 1}; {0; 2; -1; -1; -1}}
8_2,{0; 3; {1; 3; 3; -3; 1}; {1; 3; 4; -7; 3}; {1; 3; 1; -5; 1}; {2; 2; -1}}
8_3,{0; 1; {-2; 2; 1; 0; -1; 0; 1}; {-1; 1; -1; -2; -1}}
8_4,{0; 2; {-2; 1; 1; 0; -2; 2}; {-2; 1; 1; -2; -3; 1}; {-1; 0; -1; -1}}
8_5,{0; 3; {1; 3; 4; -5; 2}; {1; 3; 4; -8; 3}; {1; 3; 1; -5; 1}; {2; 2; -1}}
8_6,{0; 2; {0; 3; 2; -1; -1; 1}; {0; 3; 1; -2; -2; 1}; {1; 2; -1; -1}}
8_7,{0; 3; {-2; 0; -2; 4; -1}; {-2; 0; -3; 8; -3}; {-2; 0; -1; 5; -1}; {-1; -1; 1}}
8_8,{0; 2; {-2; 1; -1; 1; 2; -1}; {-2; 1; -1; 2; 2; -1}; {-1; 0; 1; 1}}
8_9,{0; 3; {-1; 1; 2; -3; 2}; {-1; 1; 3; -8; 3}; {-1; 1; 1; -5; 1}; {0; 0; -1}}
8_10,{0; 3; {-2; 0; -3; 6; -2}; {-2; 0; -3; 9; -3}; {-2; 0; -1; 5; -1}; {-1; -1; 1}}
8_11,{0; 2; {0; 3; 1; 1; -2; 1}; {0; 3; 1; -1; -2; 1}; {1; 2; -1; -1}}
8_12,{0; 2; {-2; 2; 1; -1; 1; -1; 1}; {-1; 1; -2; 1; -2}; {0; 0; 1}}
8_13,{0; 2; {-2; -1; -1; 2}; {-2; 1; -1; 2; 1; -1}; {-1; 0; 1; 1}}
8_14,{0; 2; {0; 0; 1}; {0; 3; 1; -1; -1; 1}; {1; 2; -1; -1}}
8_15,{0; 2; {2; 5; 1; 3; -4; 1}; {2; 4; 2; 5; -3}; {2; 3; 1; 2}}
8_16,{0; 3; {-2; -1; -1; 2}; {-2; 0; -2; 5; -2}; {-2; 0; -1; 4; -1}; {-1; -1; 1}}
8_17,{0; 3; {-1; 1; 1; -1; 1}; {-1; 1; 2; -5; 2}; {-1; 1; 1; -4; 1}; {0; 0; -1}}
8_18,{0; 3; {-1; 1; -1; 3; -1}; {-1; 1; 1; -1; 1}; {-1; 1; 1; -3; 1}; {0; 0; -1}}
8_19,{0; 3; {3; 5; 5; -5; 1}; {3; 4; 10; -5}; {3; 4; 6; -1}; {3; 3; 1}}
8_20,{0; 2; {-2; 0; -2; 4; -1}; {-2; 0; -1; 4; -1}; {-1; -1; 1}}
8_21,{0; 2; {1; 3; 3; -3; 1}; {1; 3; 2; -3; 1}; {2; 2; -1}}
9_1,{0; 4; {4; 5; 5; -4}; {4; 5; 20; -10}; {4; 5; 21; -6}; {4; 5; 8; -1}; {4; 4; 1}}
9_2,{0; 1; {1; 5; 1; 0; 0; 1; -1}; {1; 4; 1; 1; 1; 1}}
9_3,{0; 3; {3; 5; 1; 3; -3}; {3; 5; 6; 7; -4}; {3; 5; 5; 5; -1}; {3; 4; 1; 1}}
9_4,{0; 2; {2; 5; 1; 0; 2; -2}; {2; 5; 3; 2; 3; -1}; {2; 4; 1; 1; 1}}
9_5,{0; 1; {2; 5; 1; 1; 0; -1}; {1; 4; 1; 2; 2; 1}}
9_6,{0; 3; {3; 5; 3; -1; -1}; {3; 5; 7; 3; -3}; {3; 5; 5; 4; -1}; {3; 4; 1; 1}}
9_7,{0; 2; {2; 5; 2; -1; 1; -1}; {2; 5; 3; 1; 2; -1}; {2; 4; 1; 1; 1}}
9_8,{0; 2; {-1; 3; 1; -1; 0; 2; -1}; {-1; 2; 1; -2; -1; 2}; {0; 1; -1; -1}}
9_9,{0; 3; {3; 5; 2; 1; -2}; {3; 5; 7; 4; -3}; {3; 5; 5; 4; -1}; {3; 4; 1; 1}}
9_10,{0; 2; {3; 5; 2; 1; -2}; {2; 5; 2; 5; 2; -1}; {2; 4; 1; 2; 1}}
9_11,{0; 3; {-4; -1; -2; 3; -1; 1}; {-4; -1; -1; 6; -4; 3}; {-3; -1; 2; -4; 1}; {-2; -2; -1}}
9_12,{0; 2; {0; 4; 1; 0; -1; 2; -1}; {0; 3; 1; -1; -1; 2}; {1; 2; -1; -1}}
9_13,{0; 2; {3; 5; 3; -1; -1}; {2; 5; 2; 5; 1; -1}; {2; 4; 1; 2; 1}}
9_14,{0; 2; {-3; 0; 1; -2; 1; 1}; {-2; 1; -2; 1; 1; -1}; {-1; 0; 1; 1}}
9_15,{0; 2; {-4; 0; -1; 1; 1; -1; 1}; {-3; 0; 2; 0; -1; 1}; {-2; -1; -1; -1}}
9_16,{0; 3; {3; 4; 4; -3}; {3; 5; 8; 0; -2}; {3; 5; 5; 3; -1}; {3; 4; 1; 1}}
9_17,{0; 3; {-1; 1; 2; -3; 2}; {-1; 2; 1; -6; 5; -2}; {0; 2; -2; 4; -1}; {1; 1; 1}}
9_18,{0; 2; {2; 5; 1; 1; 0; -1}; {2; 5; 2; 4; 1; -1}; {2; 4; 1; 2; 1}}
9_19,{0; 2; {-2; 1; 1; -1; 0; 1}; {-1; 2; -2; 0; 1; -1}; {0; 1; 1; 1}}
9_20,{0; 3; {1; 4; 2; -2; 2; -1}; {1; 4; 3; -5; 5; -1}; {1; 3; 1; -4; 2}; {2; 2; -1}}
9_21,{0; 2; {-4; -1; -1; 1; 0; 1}; {-3; 0; 2; 0; 0; 1}; {-2; -1; -1; -1}}
9_22,{0; 3; {-1; 2; 2; -4; 4; -1}; {-1; 2; 1; -6; 6; -2}; {0; 2; -2; 4; -1}; {1; 1; 1}}
9_23,{0; 2; {2; 4; 1; 2; -2}; {2; 5; 2; 4; 0; -1}; {2; 4; 1; 2; 1}}
9_24,{0; 3; {-1; 2; 1; -3; 5; -2}; {-1; 2; 2; -6; 6; -1}; {-1; 1; 1; -4; 2}; {0; 0; -1}}
9_25,{0; 2; {0; 4; 1; 1; -3; 3; -1}; {0; 3; 1; 0; -4; 3}; {1; 2; -1; -2}}
9_26,{0; 3; {-3; -1; 1; -3; 3}; {-3; 0; 1; -5; 6; -2}; {-2; 0; -2; 4; -1}; {-1; -1; 1}}
9_27,{0; 3; {-1; 2; 1; -2; 3; -1}; {-1; 2; 2; -6; 5; -1}; {-1; 1; 1; -4; 2}; {0; 0; -1}}
9_28,{0; 3; {0; 3; -1; 5; -4; 1}; {0; 3; -2; 7; -5; 1}; {0; 2; -1; 4; -2}; {1; 1; 1}}
9_29,{0; 3; {-2; 1; -2; 5; -3; 1}; {-2; 1; -2; 7; -5; 1}; {-2; 0; -1; 4; -2}; {-1; -1; 1}}
9_30,{0; 3; {-2; 1; -1; 4; -4; 2}; {-2; 1; -1; 5; -7; 2}; {-1; 1; 2; -4; 1}; {0; 0; -1}}
9_31,{0; 3; {0; 2; -1; 4; -2}; {0; 3; -2; 7; -4; 1}; {0; 2; -1; 4; -2}; {1; 1; 1}}
9_32,{0; 3; {-3; 0; 1; -2; 1; 1}; {-3; 0; 1; -4; 3; -1}; {-2; 0; -2; 3; -1}; {-1; -1; 1}}
9_33,{0; 3; {-2; -1; -1; 2}; {-2; 1; -1; 4; -3; 1}; {-1; 1; 2; -3; 1}; {0; 0; -1}}
9_34,{0; 3; {-1; 1; 1; -1; 1}; {-2; 1; -1; 3; -4; 1}; {-1; 1; 2; -3; 1}; {0; 0; -1}}
9_35,{0; 1; {3; 5; 3; -1; -1}; {1; 4; 1; 2; 3; 1}}
9_36,{0; 3; {-4; -1; -2; 4; -3; 2}; {-4; -1; -1; 6; -5; 3}; {-3; -1; 2; -4; 1}; {-2; -2; -1}}
9_37,{0; 2; {-2; 1; 1; 0; -2; 2}; {-1; 2; -2; -1; 1; -1}; {0; 1; 1; 1}}
9_38,{0; 2; {3; 4; 4; -3}; {2; 5; 1; 7; -1; -1}; {2; 4; 1; 3; 1}}
9_39,{0; 2; {-4; -1; -1; 2; -2; 2}; {-3; 0; 3; -3; 1; 1}; {-2; -1; -2; -1}}
9_40,{0; 3; {0; 2; 2; -2; 1}; {2; 3; -2; 1}; {0; 2; -1; 2; -2}; {1; 1; 1}}
9_41,{0; 2; {-3; -1; 1; -3; 3}; {-2; 1; -3; 4; 0; -1}; {-1; 0; 2; 1}}
9_42,{0; 2; {-1; 1; 2; -3; 2}; {-1; 1; 1; -4; 1}; {0; 0; -1}}
9_43,{0; 3; {1; 4; 3; -4; 3; -1}; {1; 3; 4; -7; 4}; {1; 3; 1; -5; 1}; {2; 2; -1}}
9_44,{0; 2; {-1; 2; 1; -2; 3; -1}; {0; 2; -2; 3; -1}; {1; 1; 1}}
9_45,{0; 2; {-4; -1; -1; 2; -2; 2}; {-3; -1; 2; -2; 2}; {-2; -2; -1}}
9_46,{0; 1; {-3; 0; 1; -1; -1; 2}; {-2; -1; -1; -1}}
9_47,{0; 3; {0; 3; 1; 1; -2; 1}; {0; 2; -2; 4; -3}; {0; 2; -1; 4; -1}; {1; 1; 1}}
9_48,{0; 2; {-3; -2; -2; 3}; {-2; 0; 3; -1; 1}; {-1; -1; -1}}
9_49,{0; 2; {3; 4; 4; -3}; {2; 4; 2; 6; -2}; {2; 3; 1; 2}}
10_1,{0; 1; {-1; 4; 1; 0; 0; 0; -1; 1}; {0; 3; -1; -1; -1; -1}}
10_2,{0; 4; {2; 4; 4; -4; 1}; {2; 4; 10; -14; 6}; {2; 4; 6; -16; 5}; {2; 4; 1; -7; 1}; {3; 3; -1}}
10_3,{0; 1; {-2; 3; 1; 0; 0; -1; 0; 1}; {-1; 2; -1; -2; -2; -1}}
10_4,{0; 2; {-2; 2; 1; 0; 0; -2; 2}; {-2; 2; 1; -2; -2; -3; 1}; {-1; 1; -1; -1; -1}}
10_5,{0; 4; {-3; -1; -3; 5; -1}; {-3; -1; -7; 17; -6}; {-3; -1; -5; 17; -5}; {-3; -1; -1; 7; -1}; {-2; -2; 1}}
10_6,{0; 3; {1; 4; 3; -2; -1; 1}; {1; 4; 4; -4; -4; 3}; {1; 4; 1; -4; -4; 1}; {2; 3; -1; -1}}
10_7,{0; 2; {0; 4; 1; 0; 1; -2; 1}; {0; 4; 1; -1; 0; -2; 1}; {1; 3; -1; -1; -1}}
10_8,{0; 3; {0; 3; 3; -3; 0; 1}; {0; 3; 4; -7; -3; 3}; {0; 3; 1; -5; -4; 1}; {1; 2; -1; -1}}
10_9,{0; 4; {0; 2; 3; -4; 2}; {0; 2; 7; -16; 7}; {0; 2; 5; -17; 5}; {0; 2; 1; -7; 1}; {1; 1; -1}}
10_10,{0; 2; {-3; 0; -1; 2; -1; 1}; {-3; 1; -1; 2; 0; 1; -1}; {-2; 0; 1; 1; 1}}
10_11,{0; 2; {-1; 3; 2; -1; -1; 0; 1}; {-1; 3; 1; -2; -4; -1; 1}; {0; 2; -1; -2; -1}}
10_12,{0; 3; {-3; 0; -2; 2; 2; -1}; {-3; 0; -3; 5; 5; -3}; {-3; 0; -1; 4; 4; -1}; {-2; -1; 1; 1}}
10_13,{0; 2; {-2; 3; 1; 0; -1; 1; -1; 1}; {-1; 2; -2; -1; 0; -2}; {0; 1; 1; 1}}
10_14,{0; 3; {1; 3; 1; 1; -1}; {1; 4; 3; -1; -2; 2}; {1; 4; 1; -3; -3; 1}; {2; 3; -1; -1}}
10_15,{0; 3; {-2; 1; -2; 3; 1; -1}; {-2; 1; -3; 5; 4; -3}; {-2; 1; -1; 4; 4; -1}; {-1; 0; 1; 1}}
10_16,{0; 2; {-1; 3; 1; 1; -2; 0; 1}; {-1; 3; 1; -1; -4; -1; 1}; {0; 2; -1; -2; -1}}
10_17,{0; 4; {-1; 1; -2; 5; -2}; {-1; 1; -7; 16; -7}; {-1; 1; -5; 17; -5}; {-1; 1; -1; 7; -1}; {0; 0; 1}}
10_18,{0; 2; {-1; 2; 1; 0; -1; 1}; {-1; 3; 1; -1; -3; 0; 1}; {0; 2; -1; -2; -1}}
10_19,{0; 3; {-1; 1; -1; 3; -1}; {-1; 2; -3; 5; 1; -2}; {-1; 2; -1; 4; 3; -1}; {0; 1; 1; 1}}
10_20,{0; 2; {0; 4; 2; -1; 0; -1; 1}; {0; 4; 1; -2; -1; -2; 1}; {1; 3; -1; -1; -1}}
10_21,{0; 3; {1; 4; 1; 2; -3; 1}; {1; 4; 3; 0; -5; 3}; {1; 4; 1; -3; -4; 1}; {2; 3; -1; -1}}
10_22,{0; 3; {-1; 2; 2; -1; -2; 2}; {-1; 2; 3; -5; -5; 3}; {-1; 2; 1; -4; -4; 1}; {0; 1; -1; -1}}
10_23,{0; 3; {-3; -2; -2; 3}; {-3; 0; -3; 6; 2; -2}; {-3; 0; -1; 4; 3; -1}; {-2; -1; 1; 1}}
10_24,{0; 2; {0; 4; 1; 1; -1; -1; 1}; {0; 4; 1; 0; -3; -1; 1}; {1; 3; -1; -2; -1}}
10_25,{0; 3; {1; 4; 2; 0; -2; 1}; {1; 4; 3; -2; -3; 2}; {1; 4; 1; -3; -3; 1}; {2; 3; -1; -1}}
10_26,{0; 3; {-1; 2; 1; 1; -3; 2}; {-1; 2; 2; -2; -6; 3}; {-1; 2; 1; -3; -4; 1}; {0; 1; -1; -1}}
10_27,{0; 3; {-3; -1; -1; 1; 1}; {-3; 0; -2; 3; 3; -2}; {-3; 0; -1; 3; 3; -1}; {-2; -1; 1; 1}}
10_28,{0; 2; {-3; 0; -1; 0; 3; -1}; {-3; 1; -1; 1; 4; 0; -1}; {-2; 0; 1; 2; 1}}
10_29,{0; 3; {-1; 3; 2; -2; 1; -1; 1}; {-1; 3; 1; -5; 3; -4; 1}; {0; 2; -2; 3; -2}; {1; 1; 1}}
10_30,{0; 2; {1; 2; 2; -1}; {0; 4; 1; 1; -2; 0; 1}; {1; 3; -1; -2; -1}}
10_31,{0; 2; {-2; 1; -1; 1; 2; -1}; {-2; 2; -1; 1; 3; 0; -1}; {-1; 1; 1; 2; 1}}
10_32,{0; 3; {-1; 1; 1; -1; 1}; {-1; 2; 2; -3; -2; 2}; {-1; 2; 1; -3; -3; 1}; {0; 1; -1; -1}}
10_33,{0; 2; {0; 0; 1}; {-2; 2; -1; 0; 2; 0; -1}; {-1; 1; 1; 2; 1}}
10_34,{0; 2; {-3; 1; -1; 1; 0; 2; -1}; {-3; 1; -1; 2; 1; 2; -1}; {-2; 0; 1; 1; 1}}
10_35,{0; 2; {-3; 2; 1; -1; 0; 1; -1; 1}; {-2; 1; -2; 0; 0; -2}; {-1; 0; 1; 1}}
10_36,{0; 2; {0; 3; 1; -1; 2; -1}; {0; 4; 1; -1; 1; -1; 1}; {1; 3; -1; -1; -1}}
10_37,{0; 2; {-2; 2; -1; 1; 1; 1; -1}; {-2; 2; -1; 1; 3; 1; -1}; {-1; 1; 1; 2; 1}}
10_38,{0; 2; {0; 3; 1; 1; -2; 1}; {0; 4; 1; 0; -3; 0; 1}; {1; 3; -1; -2; -1}}
10_39,{0; 3; {1; 2; 2; -1}; {1; 4; 3; -2; -2; 2}; {1; 4; 1; -3; -3; 1}; {2; 3; -1; -1}}
10_40,{0; 3; {-3; 0; -1; 0; 3; -1}; {-3; 0; -2; 3; 4; -2}; {-3; 0; -1; 3; 3; -1}; {-2; -1; 1; 1}}
10_41,{0; 3; {-1; 3; 1; -1; 2; -2; 1}; {-1; 3; 1; -4; 4; -4; 1}; {0; 2; -2; 3; -2}; {1; 1; 1}}
10_42,{0; 3; {-2; 1; -1; 3; -2; 1}; {-2; 2; -1; 4; -5; 3; -1}; {-1; 1; 2; -3; 2}; {0; 0; -1}}
10_43,{0; 3; {-2; 2; -1; 2; -1; 2; -1}; {-2; 2; -1; 4; -4; 4; -1}; {-1; 1; 2; -3; 2}; {0; 0; -1}}
10_44,{0; 3; {-1; 2; 1; -2; 3; -1}; {-1; 3; 1; -4; 5; -3; 1}; {0; 2; -2; 3; -2}; {1; 1; 1}}
10_45,{0; 3; {-1; 1; 2; -3; 2}; {-2; 2; -1; 3; -6; 3; -1}; {-1; 1; 2; -3; 2}; {0; 0; -1}}
10_46,{0; 4; {2; 4; 6; -8; 3}; {2; 4; 11; -18; 7}; {2; 4; 6; -17; 5}; {2; 4; 1; -7; 1}; {3; 3; -1}}
10_47,{0; 4; {-3; -1; -5; 9; -3}; {-3; -1; -8; 21; -7}; {-3; -1; -5; 18; -5}; {-3; -1; -1; 7; -1}; {-2; -2; 1}}
10_48,{0; 4; {-1; 1; -4; 9; -4}; {-1; 1; -8; 20; -8}; {-1; 1; -5; 18; -5}; {-1; 1; -1; 7; -1}; {0; 0; 1}}
10_49,{0; 3; {3; 6; 1; 5; -7; 2}; {3; 6; 4; 12; -10; 1}; {3; 5; 4; 9; -3}; {3; 4; 1; 2}}
10_50,{0; 3; {1; 4; 2; 1; -4; 2}; {1; 4; 3; -1; -6; 3}; {1; 4; 1; -3; -4; 1}; {2; 3; -1; -1}}
10_51,{0; 3; {-3; 0; -3; 4; 1; -1}; {-3; 0; -3; 7; 3; -2}; {-3; 0; -1; 4; 3; -1}; {-2; -1; 1; 1}}
10_52,{0; 3; {-1; 2; -2; 4; 0; -1}; {-1; 2; -3; 6; 2; -2}; {-1; 2; -1; 4; 3; -1}; {0; 1; 1; 1}}
10_53,{0; 2; {3; 6; 3; 0; -3; 1}; {2; 5; 1; 6; 2; -3}; {2; 4; 1; 3; 2}}
10_54,{0; 3; {-2; 1; -2; 2; 3; -2}; {-2; 1; -3; 5; 5; -3}; {-2; 1; -1; 4; 4; -1}; {-1; 0; 1; 1}}
10_55,{0; 2; {2; 6; 1; 1; 1; -3; 1}; {2; 5; 2; 3; 3; -3}; {2; 4; 1; 2; 2}}
10_56,{0; 3; {1; 4; 2; 0; -2; 1}; {1; 4; 3; -2; -3; 2}; {1; 4; 1; -3; -3; 1}; {2; 3; -1; -1}}
10_57,{0; 3; {-3; 0; -2; 2; 2; -1}; {-3; 0; -2; 4; 4; -2}; {-3; 0; -1; 3; 3; -1}; {-2; -1; 1; 1}}
10_58,{0; 2; {-2; 3; 1; 0; -2; 3; -2; 1}; {-1; 2; -2; -2; 3; -3}; {0; 1; 1; 2}}
10_59,{0; 3; {-1; 3; 1; -2; 4; -3; 1}; {-1; 3; 1; -4; 5; -4; 1}; {0; 2; -2; 3; -2}; {1; 1; 1}}
10_60,{0; 3; {-3; 1; 1; -3; 4; -2; 1}; {-2; 1; -3; 6; -5; 1}; {-1; 1; 3; -3; 1}; {0; 0; -1}}
10_61,{0; 3; {0; 3; 4; -5; 1; 1}; {0; 3; 4; -8; -3; 3}; {0; 3; 1; -5; -4; 1}; {1; 2; -1; -1}}
10_62,{0; 4; {-3; -1; -4; 7; -2}; {-3; -1; -8; 20; -7}; {-3; -1; -5; 18; -5}; {-3; -1; -1; 7; -1}; {-2; -2; 1}}
10_63,{0; 2; {2; 6; 1; 0; 3; -4; 1}; {2; 5; 2; 3; 4; -3}; {2; 4; 1; 2; 2}}
10_64,{0; 4; {0; 2; 4; -6; 3}; {0; 2; 8; -19; 8}; {0; 2; 5; -18; 5}; {0; 2; 1; -7; 1}; {1; 1; -1}}
10_65,{0; 3; {-3; -1; -3; 5; -1}; {-3; 0; -3; 7; 2; -2}; {-3; 0; -1; 4; 3; -1}; {-2; -1; 1; 1}}
10_66,{0; 3; {3; 6; 2; 2; -4; 1}; {3; 6; 5; 9; -8; 1}; {3; 5; 4; 8; -3}; {3; 4; 1; 2}}
10_67,{0; 2; {0; 0; 1}; {0; 4; 1; 0; -2; 0; 1}; {1; 3; -1; -2; -1}}
10_68,{0; 2; {-3; -1; -1; 1; 1}; {-3; 1; -1; 1; 3; 0; -1}; {-2; 0; 1; 2; 1}}
10_69,{0; 3; {-4; -1; -1; 2; -2; 2}; {-3; 0; 3; -5; 5; -1}; {-2; 0; -3; 3; -1}; {-1; -1; 1}}
10_70,{0; 3; {-3; 1; 1; -2; 3; -3; 2}; {-3; 1; 1; -4; 4; -5; 1}; {-2; 0; -2; 3; -2}; {-1; -1; 1}}
10_71,{0; 3; {-2; 2; -1; 3; -3; 3; -1}; {-2; 2; -1; 4; -5; 4; -1}; {-1; 1; 2; -3; 2}; {0; 0; -1}}
10_72,{0; 3; {1; 4; 2; -2; 2; -1}; {1; 4; 3; -3; 1; 1}; {1; 4; 1; -3; -2; 1}; {2; 3; -1; -1}}
10_73,{0; 3; {-4; -1; -1; 3; -4; 3}; {-3; 0; 3; -6; 5; -1}; {-2; 0; -3; 3; -1}; {-1; -1; 1}}
10_74,{0; 2; {1; 4; 2; 0; -2; 1}; {0; 4; 1; 1; -2; -1; 1}; {1; 3; -1; -2; -1}}
10_75,{0; 3; {-3; -1; 1; -3; 3}; {-2; 1; -3; 6; -4; 1}; {-1; 1; 3; -3; 1}; {0; 0; -1}}
10_76,{0; 3; {1; 4; 4; -4; 0; 1}; {1; 4; 4; -6; -2; 2}; {1; 4; 1; -4; -3; 1}; {2; 3; -1; -1}}
10_77,{0; 3; {-3; 0; -1; -1; 5; -2}; {-3; 0; -2; 2; 7; -3}; {-3; 0; -1; 3; 4; -1}; {-2; -1; 1; 1}}
10_78,{0; 3; {1; 5; 1; -1; 4; -4; 1}; {1; 4; 2; -3; 7; -3}; {1; 3; 1; -3; 3}; {2; 2; -1}}
10_79,{0; 4; {-1; 1; -5; 11; -5}; {-1; 1; -9; 23; -9}; {-1; 1; -5; 19; -5}; {-1; 1; -1; 7; -1}; {0; 0; 1}}
10_80,{0; 3; {3; 6; 2; 3; -6; 2}; {3; 6; 5; 9; -9; 1}; {3; 5; 4; 8; -3}; {3; 4; 1; 2}}
10_81,{0; 3; {-2; 2; -1; 1; 1; 1; -1}; {-2; 2; -1; 3; -1; 3; -1}; {-1; 1; 2; -2; 2}; {0; 0; -1}}
10_82,{0; 4; {0; 0; 1}; {0; 2; 4; -8; 4}; {0; 2; 4; -12; 4}; {0; 2; 1; -6; 1}; {1; 1; -1}}
10_83,{0; 3; {-3; 0; -1; 2; -1; 1}; {-3; 0; -2; 4; 0; -1}; {-3; 0; -1; 3; 2; -1}; {-2; -1; 1; 1}}
10_84,{0; 3; {0; 2; -1; 4; -2}; {0; 3; -2; 5; 0; -1}; {0; 3; -1; 3; 2; -1}; {1; 2; 1; 1}}
10_85,{0; 4; {-3; -1; -1; 1; 1}; {-3; -1; -4; 9; -3}; {-3; -1; -4; 12; -4}; {-3; -1; -1; 6; -1}; {-2; -2; 1}}
10_86,{0; 3; {0; 2; 2; -2; 1}; {-1; 2; 1; 0; -4; 2}; {-1; 2; 1; -2; -3; 1}; {0; 1; -1; -1}}
10_87,{0; 3; {-1; 2; 1; -2; 3; -1}; {-1; 2; 2; -4; 1; 1}; {-1; 2; 1; -3; -2; 1}; {0; 1; -1; -1}}
10_88,{0; 3; {-1; 1; 1; -1; 1}; {-2; 2; -1; 2; -3; 2; -1}; {-1; 1; 2; -2; 2}; {0; 0; -1}}
10_89,{0; 3; {-4; 0; -1; 2; -1; 0; 1}; {-3; -1; 3; -4; 2}; {-2; 0; -3; 2; -1}; {-1; -1; 1}}
10_90,{0; 3; {-1; 2; 2; -2; 0; 1}; {-1; 2; 2; -4; -3; 2}; {-1; 2; 1; -3; -3; 1}; {0; 1; -1; -1}}
10_91,{0; 4; {-1; 1; -2; 5; -2}; {-1; 1; -5; 12; -5}; {-1; 1; -4; 13; -4}; {-1; 1; -1; 6; -1}; {0; 0; 1}}
10_92,{0; 3; {1; 3; 1; 1; -1}; {1; 4; 2; 0; -1; 1}; {1; 4; 1; -2; -2; 1}; {2; 3; -1; -1}}
10_93,{0; 3; {-2; -1; -1; 2}; {-2; 1; -2; 3; 2; -2}; {-2; 1; -1; 3; 3; -1}; {-1; 0; 1; 1}}
10_94,{0; 4; {0; 2; 3; -4; 2}; {0; 2; 5; -12; 5}; {0; 2; 4; -13; 4}; {0; 2; 1; -6; 1}; {1; 1; -1}}
10_95,{0; 3; {-3; -2; -2; 3}; {-3; 0; -2; 5; 1; -1}; {-3; 0; -1; 3; 2; -1}; {-2; -1; 1; 1}}
10_96,{0; 3; {-3; 1; 1; -2; 3; -3; 2}; {-2; 1; -3; 5; -6; 1}; {-1; 1; 3; -3; 1}; {0; 0; -1}}
10_97,{0; 2; {1; 4; 2; -2; 2; -1}; {0; 4; 1; 2; -4; 2; 1}; {1; 3; -1; -3; -1}}
10_98,{0; 3; {1; 4; 1; 3; -5; 2}; {1; 4; 2; 1; -5; 2}; {1; 4; 1; -2; -3; 1}; {2; 3; -1; -1}}
10_99,{0; 4; {-1; 1; -4; 9; -4}; {-1; 1; -6; 16; -6}; {-1; 1; -4; 14; -4}; {-1; 1; -1; 6; -1}; {0; 0; 1}}
10_100,{0; 4; {-3; -1; -3; 5; -1}; {-3; -1; -5; 13; -4}; {-3; -1; -4; 13; -4}; {-3; -1; -1; 6; -1}; {-2; -2; 1}}
10_101,{0; 2; {3; 6; 2; 2; -4; 1}; {2; 5; 1; 5; 5; -4}; {2; 4; 1; 3; 3}}
10_102,{0; 3; {-1; 2; 1; 0; -1; 1}; {-1; 2; 2; -3; -3; 2}; {-1; 2; 1; -3; -3; 1}; {0; 1; -1; -1}}
10_103,{0; 3; {-3; 0; -1; 0; 3; -1}; {-3; 0; -2; 3; 4; -2}; {-3; 0; -1; 3; 3; -1}; {-2; -1; 1; 1}}
10_104,{0; 4; {-1; 1; -1; 3; -1}; {-1; 1; -5; 11; -5}; {-1; 1; -4; 13; -4}; {-1; 1; -1; 6; -1}; {0; 0; 1}}
10_105,{0; 3; {-1; 1; 1; -1; 1}; {-1; 3; 1; -3; 2; -2; 1}; {0; 2; -2; 2; -2}; {1; 1; 1}}
10_106,{0; 4; {0; 2; 2; -2; 1}; {0; 2; 5; -11; 5}; {0; 2; 4; -13; 4}; {0; 2; 1; -6; 1}; {1; 1; -1}}
10_107,{0; 3; {-2; -1; -1; 2}; {-2; 2; -1; 3; -2; 2; -1}; {-1; 1; 2; -2; 2}; {0; 0; -1}}
10_108,{0; 3; {0; 0; 1}; {-1; 2; -2; 2; 2; -2}; {-1; 2; -1; 3; 3; -1}; {0; 1; 1; 1}}
10_109,{0; 4; {-1; 1; -3; 7; -3}; {-1; 1; -6; 15; -6}; {-1; 1; -4; 14; -4}; {-1; 1; -1; 6; -1}; {0; 0; 1}}
10_110,{0; 3; {-1; 3; 1; 0; 0; -1; 1}; {-1; 3; 1; -3; 1; -3; 1}; {0; 2; -2; 2; -2}; {1; 1; 1}}
10_111,{0; 3; {1; 4; 1; 2; -3; 1}; {1; 4; 2; 1; -4; 2}; {1; 4; 1; -2; -3; 1}; {2; 3; -1; -1}}
10_112,{0; 4; {-2; 0; -2; 4; -1}; {-2; 0; 1; 0; 1}; {-2; 0; 3; -7; 3}; {-2; 0; 1; -5; 1}; {-1; -1; -1}}
10_113,{0; 3; {1; 3; 3; -3; 1}; {0; 2; -1; 3; -2}; {0; 3; -1; 2; 1; -1}; {1; 2; 1; 1}}
10_114,{0; 3; {-2; -1; -1; 2}; {-2; 1; 1; 0; -1; 1}; {-2; 1; 1; -2; -2; 1}; {-1; 0; -1; -1}}
10_115,{0; 3; {-1; 1; -1; 3; -1}; {-2; 2; -1; 1; 1; 1; -1}; {-1; 1; 2; -1; 2}; {0; 0; -1}}
10_116,{0; 4; {0; 0; 1}; {-2; 0; 2; -4; 2}; {-2; 0; 3; -8; 3}; {-2; 0; 1; -5; 1}; {-1; -1; -1}}
10_117,{0; 3; {-3; -1; -1; 1; 1}; {-3; 0; -1; 2; 2; -1}; {-3; 0; -1; 2; 2; -1}; {-2; -1; 1; 1}}
10_118,{0; 4; {0; 0; 1}; {-1; 1; -2; 4; -2}; {-1; 1; -3; 8; -3}; {-1; 1; -1; 5; -1}; {0; 0; 1}}
10_119,{0; 3; {-1; 1; 1; -1; 1}; {-2; 1; 1; -1; -2; 1}; {-2; 1; 1; -2; -2; 1}; {-1; 0; -1; -1}}
10_120,{0; 2; {3; 6; 3; 0; -3; 1}; {3; 5; 7; 3; -4}; {2; 4; 1; 4; 3}}
10_121,{0; 3; {0; 3; 1; -1; 2; -1}; {1; 3; -1; 3; -1}; {0; 3; -1; 1; 2; -1}; {1; 2; 1; 1}}
10_122,{0; 3; {-2; 0; -2; 4; -1}; {-1; 1; 3; -2; 1}; {-2; 1; 1; -1; -2; 1}; {-1; 0; -1; -1}}
10_123,{0; 4; {-1; 1; 2; -3; 2}; {-1; 1; 1; -4; 1}; {-1; 1; -2; 3; -2}; {-1; 1; -1; 4; -1}; {0; 0; 1}}
10_124,{0; 4; {4; 6; 7; -8; 2}; {4; 6; 21; -14; 1}; {4; 5; 21; -7}; {4; 5; 8; -1}; {4; 4; 1}}
10_125,{0; 3; {-1; 1; -3; 7; -3}; {-1; 1; -4; 11; -4}; {-1; 1; -1; 6; -1}; {0; 0; 1}}
10_126,{0; 3; {-3; -1; -4; 7; -2}; {-3; -1; -4; 12; -3}; {-3; -1; -1; 6; -1}; {-2; -2; 1}}
10_127,{0; 3; {2; 4; 5; -6; 2}; {2; 4; 7; -9; 3}; {2; 4; 2; -5; 1}; {3; 3; -1}}
10_128,{0; 3; {3; 6; 2; 2; -4; 1}; {3; 5; 6; 6; -5}; {3; 5; 5; 5; -1}; {3; 4; 1; 1}}
10_129,{0; 2; {-1; 2; -1; 2; 1; -1}; {-1; 2; -1; 2; 2; -1}; {0; 1; 1; 1}}
10_130,{0; 2; {-3; 0; -2; 2; 2; -1}; {-3; 0; -1; 3; 3; -1}; {-2; -1; 1; 1}}
10_131,{0; 2; {1; 4; 2; 0; -2; 1}; {1; 4; 2; -1; -2; 1}; {2; 3; -1; -1}}
10_132,{0; 2; {-3; -2; -2; 3}; {-3; -2; -1; 4}; {-2; -2; 1}}
10_133,{0; 2; {1; 4; 1; 2; -3; 1}; {1; 4; 1; 2; -3; 1}; {3; 3; -1}}
10_134,{0; 3; {3; 6; 3; 0; -3; 1}; {3; 5; 7; 3; -4}; {3; 5; 5; 4; -1}; {3; 4; 1; 1}}
10_135,{0; 2; {-1; 2; -2; 4; 0; -1}; {-1; 2; -2; 5; 1; -1}; {0; 1; 2; 1}}
10_136,{0; 2; {-2; 1; -1; 3; -2; 1}; {-1; 1; 2; -3; 1}; {0; 0; -1}}
10_137,{0; 2; {-1; 3; 1; -1; 2; -2; 1}; {0; 2; -2; 2; -2}; {1; 1; 1}}
10_138,{0; 3; {-1; 3; 2; -3; 3; -2; 1}; {-1; 2; 1; -6; 5; -3}; {0; 2; -2; 4; -1}; {1; 1; 1}}
10_139,{0; 4; {4; 6; 6; -6; 1}; {4; 6; 21; -13; 1}; {4; 5; 21; -7}; {4; 5; 8; -1}; {4; 4; 1}}
10_140,{0; 2; {0; 3; 1; -2; 4; -2}; {1; 3; -1; 4; -1}; {2; 2; 1}}
10_141,{0; 3; {0; 2; 2; -2; 1}; {0; 2; 3; -7; 3}; {0; 2; 1; -5; 1}; {1; 1; -1}}
10_142,{0; 3; {3; 6; 1; 4; -5; 1}; {3; 5; 6; 7; -5}; {3; 5; 5; 5; -1}; {3; 4; 1; 1}}
10_143,{0; 3; {-3; -2; -2; 3}; {-3; -1; -3; 8; -2}; {-3; -1; -1; 5; -1}; {-2; -2; 1}}
10_144,{0; 2; {0; 2; 3; -4; 2}; {0; 3; 2; -5; 0; 1}; {1; 2; -2; -1}}
10_145,{0; 2; {-5; -2; -1; 1; -1; 2}; {-4; -2; 1; 0; 4}; {-2; -2; 1}}
10_146,{0; 2; {0; 0; 1}; {-2; 1; -1; 1; 1; -1}; {-1; 0; 1; 1}}
10_147,{0; 2; {-1; 1; 1; -1; 1}; {-1; 2; 1; -2; -1; 1}; {0; 1; -1; -1}}
10_148,{0; 3; {-3; -1; -3; 5; -1}; {-3; -1; -3; 9; -2}; {-3; -1; -1; 5; -1}; {-2; -2; 1}}
10_149,{0; 3; {2; 4; 4; -4; 1}; {2; 4; 6; -6; 2}; {2; 4; 2; -4; 1}; {3; 3; -1}}
10_150,{0; 3; {1; 2; 2; -1}; {1; 3; 3; -4; 2}; {1; 3; 1; -4; 1}; {2; 2; -1}}
10_151,{0; 3; {-3; 0; -1; 0; 3; -1}; {-2; 0; -1; 6; -2}; {-2; 0; -1; 4; -1}; {-1; -1; 1}}
10_152,{0; 4; {4; 6; 8; -10; 3}; {4; 6; 22; -17; 2}; {4; 5; 21; -8}; {4; 5; 8; -1}; {4; 4; 1}}
10_153,{0; 3; {-2; 1; -1; -1; 6; -3}; {-2; 1; -1; -1; 10; -4}; {0; 1; 6; -1}; {0; 0; 1}}
10_154,{0; 3; {3; 6; 4; -2; -2; 1}; {3; 5; 9; -2; -2}; {3; 3; 6}; {3; 3; 1}}
10_155,{0; 3; {-2; 0; 2; -4; 3}; {-2; 0; 3; -8; 3}; {-2; 0; 1; -5; 1}; {-1; -1; -1}}
10_156,{0; 3; {-2; -1; -1; 2}; {-2; 0; -2; 5; -2}; {-2; 0; -1; 4; -1}; {-1; -1; 1}}
10_157,{0; 3; {-4; -2; -1; 0; 2}; {-4; -2; 1; -2; 5}; {-4; -2; 1; -3; 2}; {-3; -3; -1}}
10_158,{0; 3; {-1; 2; 2; -2; 0; 1}; {-1; 1; 2; -6; 1}; {-1; 1; 1; -4; 1}; {0; 0; -1}}
10_159,{0; 3; {1; 3; 1; 1; -1}; {1; 3; -1; 5; -2}; {1; 3; -1; 4; -1}; {2; 2; 1}}
10_160,{0; 3; {1; 4; 1; 0; 1; -1}; {1; 3; 3; -3; 3}; {1; 3; 1; -4; 1}; {2; 2; -1}}
10_161,{0; 3; {3; 5; 3; -1; -1}; {3; 5; 9; -1; -1}; {3; 3; 6}; {3; 3; 1}}
10_162,{0; 2; {-3; 0; 1; 0; -3; 3}; {-3; 0; 1; -1; -5; 2}; {-2; -1; -1; -2}}
10_163,{0; 3; {0; 3; 1; -1; 2; -1}; {0; 1; -1; 2}; {0; 2; -1; 3; -1}; {1; 1; 1}}
10_164,{0; 2; {-1; 1; -1; 3; -1}; {-2; 1; -1; 0; 4; -2}; {-1; 0; 1; 2}}
10_165,{0; 2; {-3; -1; -1; 1; 1}; {-4; -1; 1; -1; 0; 2}; {-3; -2; -1; -1}}
11a_1,{0; 3; {-1; 3; 1; -1; 0; 2; -1}; {-1; 3; 1; -3; 0; 3; -1}; {0; 3; -2; 1; 2; -1}; {1; 2; 1; 1}}
11a_2,{0; 3; {1; 5; 1; 2; -4; 3; -1}; {1; 5; 2; 2; -7; 6; -1}; {1; 4; 1; -1; -6; 3}; {2; 3; -1; -2}}
11a_3,{0; 4; {-3; 0; -3; 8; -7; 3}; {-3; 0; -3; 15; -17; 6}; {-3; 0; -1; 9; -15; 4}; {-2; 0; 2; -6; 1}; {-1; -1; -1}}
11a_4,{0; 3; {-3; 1; -1; 2; 0; -1; 1}; {-3; 1; -1; 4; -1; -4; 2}; {-2; 1; 2; -2; -3; 1}; {-1; 0; -1; -1}}
11a_5,{0; 3; {-3; 1; 1; -2; 3; -3; 2}; {-2; 2; -3; 4; -5; 2; -1}; {-1; 1; 3; -2; 2}; {0; 0; -1}}
11a_6,{0; 3; {-1; 3; 1; -1; 2; -2; 1}; {-1; 2; 1; -3; 1; -1}; {0; 3; -2; 1; 1; -1}; {1; 2; 1; 1}}
11a_7,{0; 4; {-3; 0; -2; 6; -6; 3}; {-3; 0; -3; 13; -15; 5}; {-3; 0; -1; 9; -14; 4}; {-2; 0; 2; -6; 1}; {-1; -1; -1}}
11a_8,{0; 3; {-3; 1; -1; 3; -2; 0; 1}; {-3; 1; -1; 4; -3; -2; 1}; {-2; 1; 2; -2; -2; 1}; {-1; 0; -1; -1}}
11a_9,{0; 4; {0; 3; 3; -6; 6; -2}; {0; 3; 4; -14; 14; -4}; {0; 3; 1; -10; 13; -4}; {1; 3; -2; 6; -1}; {2; 2; 1}}
11a_10,{0; 3; {-1; 3; 1; 0; -2; 3; -1}; {-1; 3; 1; -3; -2; 5; -2}; {0; 3; -2; 1; 3; -1}; {1; 2; 1; 1}}
11a_11,{0; 3; {-2; 1; -1; 3; -2; 1}; {-2; 2; -1; 4; -3; -1; 1}; {-1; 2; 2; -2; -2; 1}; {0; 1; -1; -1}}
11a_12,{0; 3; {-1; 1; 2; -3; 2}; {-1; 3; 1; -5; 2; 1; -1}; {0; 3; -2; 2; 2; -1}; {1; 2; 1; 1}}
11a_13,{0; 2; {-2; 2; 1; -1; 1; -1; 1}; {-1; 3; -2; 0; -1; 1; -1}; {0; 2; 1; 1; 1}}
11a_14,{0; 4; {-1; 2; -4; 10; -6; 1}; {-1; 2; -7; 20; -12; 2}; {-1; 2; -4; 16; -8; 1}; {-1; 1; -1; 6; -2}; {0; 0; 1}}
11a_15,{0; 4; {-2; 1; 3; -8; 8; -2}; {-2; 1; 6; -18; 14; -3}; {-2; 1; 4; -15; 9; -1}; {-2; 0; 1; -6; 2}; {-1; -1; -1}}
11a_16,{0; 3; {-2; 2; 2; -3; 0; 3; -1}; {-2; 2; 2; -5; -2; 4; -1}; {-2; 1; 1; -3; -2; 2}; {-1; 0; -1; -1}}
11a_17,{0; 3; {-1; 4; 1; 0; -1; 0; 2; -1}; {-1; 3; 1; -2; 0; -3; 3}; {0; 2; -2; 1; -3}; {1; 1; 1}}
11a_18,{0; 3; {0; 4; -1; 1; 5; -5; 1}; {0; 4; -2; 2; 10; -7; 1}; {0; 3; -1; 2; 7; -3}; {1; 2; 1; 2}}
11a_19,{0; 4; {0; 3; 3; -5; 4; -1}; {0; 3; 4; -12; 9; -2}; {0; 3; 3; -11; 7; -1}; {0; 2; 1; -5; 2}; {1; 1; -1}}
11a_20,{0; 3; {1; 5; 2; 1; -5; 4; -1}; {1; 5; 3; 0; -9; 7; -1}; {1; 4; 1; -2; -7; 3}; {2; 3; -1; -2}}
11a_21,{0; 2; {0; 5; 1; 1; -1; -2; 3; -1}; {0; 4; 1; 0; -2; -3; 3}; {1; 3; -1; -2; -2}}
11a_22,{0; 4; {1; 4; -2; 9; -8; 2}; {1; 4; -5; 19; -14; 3}; {1; 4; -4; 15; -9; 1}; {1; 3; -1; 6; -2}; {2; 2; 1}}
11a_23,{0; 3; {0; 4; -1; 3; 1; -3; 1}; {0; 4; -2; 5; 2; -4; 1}; {0; 3; -1; 3; 2; -2}; {1; 2; 1; 1}}
11a_24,{0; 4; {-1; 2; -2; 6; -4; 1}; {-1; 2; -4; 12; -9; 2}; {-1; 2; -3; 11; -7; 1}; {-1; 1; -1; 5; -2}; {0; 0; 1}}
11a_25,{0; 4; {0; 3; 3; -5; 4; -1}; {0; 3; 4; -12; 9; -2}; {0; 3; 3; -11; 7; -1}; {0; 2; 1; -5; 2}; {1; 1; -1}}
11a_26,{0; 4; {-1; 2; -2; 6; -4; 1}; {-1; 2; -4; 12; -9; 2}; {-1; 2; -3; 11; -7; 1}; {-1; 1; -1; 5; -2}; {0; 0; 1}}
11a_27,{0; 3; {-3; -1; 1; -3; 3}; {-4; 0; 1; -1; -3; 4; -1}; {-3; 0; -2; 0; 2; -1}; {-2; -1; 1; 1}}
11a_28,{0; 4; {-2; 0; 2; -4; 3}; {-2; 1; 3; -10; 7; -2}; {-2; 1; 1; -8; 9; -3}; {-1; 1; -2; 5; -1}; {0; 0; 1}}
11a_29,{0; 3; {-3; 1; 1; -1; 0; 0; 1}; {-3; 1; 1; -3; -1; 1; -1}; {-2; 1; -2; 1; 2; -1}; {-1; 0; 1; 1}}
11a_30,{0; 3; {0; 2; 2; -2; 1}; {-2; 2; -1; 1; 2; -4; 1}; {-1; 2; 2; 0; -2; 1}; {0; 1; -1; -1}}
11a_31,{0; 3; {1; 5; 1; 3; -6; 4; -1}; {1; 5; 2; 3; -10; 7; -1}; {1; 4; 1; -1; -7; 3}; {2; 3; -1; -2}}
11a_32,{0; 3; {1; 4; -1; 6; -5; 1}; {0; 4; -1; -1; 11; -7; 1}; {0; 3; -1; 1; 7; -3}; {1; 2; 1; 2}}
11a_33,{0; 4; {-2; 1; 2; -6; 7; -2}; {-2; 1; 5; -15; 13; -3}; {-2; 1; 4; -14; 9; -1}; {-2; 0; 1; -6; 2}; {-1; -1; -1}}
11a_34,{0; 4; {0; 3; 4; -7; 5; -1}; {0; 3; 6; -17; 11; -2}; {0; 3; 4; -15; 8; -1}; {0; 2; 1; -6; 2}; {1; 1; -1}}
11a_35,{0; 4; {-1; 2; -3; 8; -5; 1}; {-1; 2; -6; 17; -11; 2}; {-1; 2; -4; 15; -8; 1}; {-1; 1; -1; 6; -2}; {0; 0; 1}}
11a_36,{0; 3; {-1; 2; -1; 2; 1; -1}; {-2; 2; 1; -2; 1; 3; -1}; {-2; 1; 1; -2; -1; 2}; {-1; 0; -1; -1}}
11a_37,{0; 3; {-1; 3; 2; -1; -3; 4; -1}; {-1; 3; 2; -4; -5; 5; -1}; {-1; 2; 1; -3; -3; 2}; {0; 1; -1; -1}}
11a_38,{0; 3; {-2; 2; 2; -4; 2; 2; -1}; {-2; 2; 2; -6; 1; 3; -1}; {-2; 1; 1; -3; -1; 2}; {-1; 0; -1; -1}}
11a_39,{0; 3; {-1; 3; 1; 1; -5; 6; -2}; {-1; 3; 2; 0; -11; 9; -1}; {-1; 2; 1; -2; -8; 3}; {0; 1; -1; -2}}
11a_40,{0; 4; {1; 4; -1; 7; -7; 2}; {1; 4; -4; 16; -13; 3}; {1; 4; -4; 14; -9; 1}; {1; 3; -1; 6; -2}; {2; 2; 1}}
11a_41,{0; 3; {1; 4; 1; 2; -3; 1}; {0; 4; -1; 2; 3; -4; 1}; {0; 3; -1; 2; 2; -2}; {1; 2; 1; 1}}
11a_42,{0; 3; {-1; 4; 1; -1; 2; -3; 3; -1}; {-1; 3; 1; -3; 3; -5; 3}; {0; 2; -2; 2; -3}; {1; 1; 1}}
11a_43,{0; 3; {3; 7; 1; 7; -12; 6; -1}; {3; 6; 3; 16; -17; 4}; {3; 5; 3; 12; -6}; {3; 4; 1; 3}}
11a_44,{0; 4; {-1; 2; -5; 13; -9; 2}; {-1; 2; -7; 22; -15; 3}; {-1; 2; -4; 16; -9; 1}; {-1; 1; -1; 6; -2}; {0; 0; 1}}
11a_45,{0; 2; {-1; 4; 1; 1; -3; 1; 2; -1}; {-1; 3; 1; 0; -5; -1; 3}; {0; 2; -1; -3; -2}}
11a_46,{0; 3; {-1; 3; -1; 1; 4; -4; 1}; {-1; 3; -2; 3; 5; -5; 1}; {-1; 2; -1; 3; 3; -2}; {0; 1; 1; 1}}
11a_47,{0; 4; {-1; 2; -5; 13; -9; 2}; {-1; 2; -7; 22; -15; 3}; {-1; 2; -4; 16; -9; 1}; {-1; 1; -1; 6; -2}; {0; 0; 1}}
11a_48,{0; 3; {-5; -1; -1; 1; 0; 0; 1}; {-5; -1; -1; 3; 1; -1; 2}; {-4; -1; 2; -1; -2; 1}; {-3; -2; -1; -1}}
11a_49,{0; 3; {1; 5; 2; 0; -4; 5; -2}; {1; 5; 3; 0; -8; 8; -1}; {1; 4; 1; -2; -7; 3}; {2; 3; -1; -2}}
11a_50,{0; 2; {0; 5; 1; 0; 0; -1; 2; -1}; {0; 4; 1; 0; -1; -2; 3}; {1; 3; -1; -2; -2}}
11a_51,{0; 3; {-4; 1; -1; 2; -2; 3; -2; 1}; {-3; 1; 3; -4; 4; -3; 1}; {-2; 0; -3; 2; -2}; {-1; -1; 1}}
11a_52,{0; 3; {-2; 2; -1; 2; -1; 2; -1}; {-2; 1; -1; 3; -1; 1}; {-1; 2; 2; -1; -1; 1}; {0; 1; -1; -1}}
11a_53,{0; 4; {-4; -1; 1; -2; 0; 2}; {-4; -2; 3; -8; 5}; {-4; -1; 1; -8; 8; -3}; {-3; -1; -2; 5; -1}; {-2; -2; 1}}
11a_54,{0; 3; {-4; 0; 1; -2; 1; 0; 1}; {-4; -2; 1; -3; 1}; {-3; 0; -2; 1; 1; -1}; {-2; -1; 1; 1}}
11a_55,{0; 4; {-2; 1; 1; -5; 8; -3}; {-2; 1; 4; -13; 15; -4}; {-2; 1; 4; -13; 10; -1}; {-2; 0; 1; -6; 2}; {-1; -1; -1}}
11a_56,{0; 3; {-2; 2; 1; -3; 3; 1; -1}; {-2; 2; 2; -5; 2; 3; -1}; {-2; 1; 1; -3; -1; 2}; {-1; 0; -1; -1}}
11a_57,{0; 4; {-2; 1; 3; -10; 12; -4}; {-2; 1; 6; -19; 18; -4}; {-2; 1; 4; -15; 10; -1}; {-2; 0; 1; -6; 2}; {-1; -1; -1}}
11a_58,{0; 3; {-2; 2; 1; -1; -2; 5; -2}; {-2; 2; 2; -3; -4; 6; -1}; {-2; 1; 1; -3; -3; 2}; {-1; 0; -1; -1}}
11a_59,{0; 2; {-2; 3; 1; -1; 0; 0; 2; -1}; {-2; 2; 1; -2; -1; -1; 2}; {-1; 1; -1; -1; -1}}
11a_60,{0; 3; {1; 5; 1; 2; -5; 5; -2}; {1; 5; 3; 2; -10; 9; -1}; {1; 4; 1; -2; -8; 3}; {2; 3; -1; -2}}
11a_61,{0; 2; {1; 5; 2; -1; -1; 2; -1}; {0; 4; 1; 2; -3; -1; 3}; {1; 3; -1; -3; -2}}
11a_62,{0; 4; {-5; -2; -3; 6; -5; 3}; {-5; -2; -4; 14; -11; 7}; {-5; -2; -1; 10; -12; 5}; {-4; -2; 2; -6; 1}; {-3; -3; -1}}
11a_63,{0; 3; {-5; -1; -2; 3; -1; 0; 1}; {-5; -1; -1; 5; -1; 0; 2}; {-4; -1; 2; -2; -2; 1}; {-3; -2; -1; -1}}
11a_64,{0; 3; {-5; -1; -1; 0; 3; -3; 2}; {-5; -1; -1; 3; 3; -4; 3}; {-4; -1; 2; -1; -3; 1}; {-3; -2; -1; -1}}
11a_65,{0; 2; {-5; 0; -1; 1; 0; 1; -1; 1}; {-4; 0; 2; 0; 1; -1; 1}; {-3; -1; -1; -1; -1}}
11a_66,{0; 4; {-3; 0; -2; 4; -2; 1}; {-3; 0; -3; 10; -7; 2}; {-3; 0; -1; 8; -9; 3}; {-2; 0; 2; -5; 1}; {-1; -1; -1}}
11a_67,{0; 3; {-3; 1; -1; 1; 2; -2; 1}; {-3; 1; -1; 3; 1; -3; 1}; {-2; 1; 2; -1; -2; 1}; {-1; 0; -1; -1}}
11a_68,{0; 4; {-1; 2; -1; 2; 1; -1}; {-1; 2; -3; 8; -4; 1}; {-1; 2; -1; 8; -8; 3}; {0; 2; 2; -5; 1}; {1; 1; -1}}
11a_69,{0; 3; {-1; 1; -1; 3; -1}; {-2; 2; -1; 1; 3; -3; 1}; {-1; 2; 2; 0; -2; 1}; {0; 1; -1; -1}}
11a_70,{0; 3; {-1; 2; 1; 0; -1; 1}; {-1; 2; 1; -2; -2; 1}; {0; 3; -2; 0; 1; -1}; {1; 2; 1; 1}}
11a_71,{0; 4; {0; 0; 1}; {0; 3; 3; -7; 5; -1}; {0; 3; 3; -10; 6; -1}; {0; 2; 1; -5; 2}; {1; 1; -1}}
11a_72,{0; 4; {-1; 2; -1; 2; 1; -1}; {-1; 2; -3; 8; -4; 1}; {-1; 2; -3; 10; -6; 1}; {-1; 1; -1; 5; -2}; {0; 0; 1}}
11a_73,{0; 4; {-2; 1; -1; 3; -2; 1}; {-2; -1; 1; -1}; {-2; 1; 1; -5; 5; -2}; {-1; 1; -2; 4; -1}; {0; 0; 1}}
11a_74,{0; 4; {0; 3; 4; -7; 5; -1}; {0; 3; 4; -15; 13; -4}; {0; 3; 1; -10; 13; -4}; {1; 3; -2; 6; -1}; {2; 2; 1}}
11a_75,{0; 3; {-1; 2; 2; -2; 0; 1}; {-1; 3; 1; -5; 0; 3; -2}; {0; 3; -2; 2; 3; -1}; {1; 2; 1; 1}}
11a_76,{0; 4; {-2; 1; 1; -3; 4; -1}; {-2; 1; 2; -8; 9; -3}; {-2; 1; 1; -7; 10; -3}; {-1; 1; -2; 5; -1}; {0; 0; 1}}
11a_77,{0; 3; {-2; -1; -1; 2}; {-4; 0; 1; -2; 0; 3; -1}; {-3; 0; -2; 1; 2; -1}; {-2; -1; 1; 1}}
11a_78,{0; 3; {-1; 1; 1; -1; 1}; {-1; 3; 1; -3; 0; 2; -1}; {0; 3; -2; 1; 2; -1}; {1; 2; 1; 1}}
11a_79,{0; 4; {-3; 0; -1; 3; -3; 2}; {-3; 0; -2; 8; -9; 3}; {-3; 0; -1; 7; -10; 3}; {-2; 0; 2; -5; 1}; {-1; -1; -1}}
11a_80,{0; 4; {-2; 1; 1; -1; 0; 1}; {-2; 1; 2; -7; 5; -2}; {-2; 1; 1; -7; 9; -3}; {-1; 1; -2; 5; -1}; {0; 0; 1}}
11a_81,{0; 4; {0; 0; 1}; {-1; 2; -2; 6; -6; 2}; {-1; 2; -1; 7; -9; 3}; {0; 2; 2; -5; 1}; {1; 1; -1}}
11a_82,{0; 4; {-2; 1; 2; -6; 7; -2}; {-2; 1; 5; -15; 13; -3}; {-2; 1; 4; -14; 9; -1}; {-2; 0; 1; -6; 2}; {-1; -1; -1}}
11a_83,{0; 4; {1; 4; -2; 8; -6; 1}; {1; 4; -5; 18; -11; 2}; {1; 4; -4; 15; -8; 1}; {1; 3; -1; 6; -2}; {2; 2; 1}}
11a_84,{0; 3; {-2; 2; 1; -1; -1; 3; -1}; {-2; 2; 2; -4; -2; 4; -1}; {-2; 1; 1; -3; -2; 2}; {-1; 0; -1; -1}}
11a_85,{0; 3; {0; 3; -1; 3; 0; -1}; {0; 4; -2; 5; 2; -3; 1}; {0; 3; -1; 3; 2; -2}; {1; 2; 1; 1}}
11a_86,{0; 4; {-1; 2; -1; 5; -5; 2}; {-1; 2; -3; 12; -15; 5}; {-1; 2; -1; 9; -14; 4}; {0; 2; 2; -6; 1}; {1; 1; -1}}
11a_87,{0; 3; {0; 2; 3; -4; 2}; {-2; 2; -1; 2; 1; -6; 2}; {-1; 2; 2; -1; -3; 1}; {0; 1; -1; -1}}
11a_88,{0; 4; {-2; 1; 2; -5; 5; -1}; {-2; 1; 3; -13; 14; -5}; {-2; 1; 1; -9; 14; -4}; {-1; 1; -2; 6; -1}; {0; 0; 1}}
11a_89,{0; 3; {-1; 2; 1; 0; -1; 1}; {-1; 3; 1; -3; -1; 2; -1}; {0; 3; -2; 1; 2; -1}; {1; 2; 1; 1}}
11a_90,{0; 3; {-3; 0; 1; -1; -1; 2}; {-3; 1; 1; -4; 0; 3; -2}; {-2; 1; -2; 2; 3; -1}; {-1; 0; 1; 1}}
11a_91,{0; 3; {0; 0; 1}; {-2; 2; -1; 2; 0; -2; 1}; {-1; 2; 2; -1; -2; 1}; {0; 1; -1; -1}}
11a_92,{0; 4; {-3; 0; -3; 7; -5; 2}; {-3; 0; -3; 14; -14; 5}; {-3; 0; -1; 9; -14; 4}; {-2; 0; 2; -6; 1}; {-1; -1; -1}}
11a_93,{0; 3; {-3; 1; -1; 1; 2; -2; 1}; {-3; 1; -1; 4; 0; -4; 2}; {-2; 1; 2; -2; -3; 1}; {-1; 0; -1; -1}}
11a_94,{0; 3; {3; 6; 2; 2; -4; 1}; {3; 6; 5; 7; -4; -1}; {3; 6; 4; 7; 1; -1}; {3; 5; 1; 2; 1}}
11a_95,{0; 2; {2; 5; 1; 1; 0; -1}; {2; 6; 2; 3; 2; 0; -1}; {2; 5; 1; 2; 2; 1}}
11a_96,{0; 3; {-3; 1; 1; -2; 2; -1; 1}; {-2; 2; -3; 4; -4; 2; -1}; {-1; 1; 3; -2; 2}; {0; 0; -1}}
11a_97,{0; 3; {-2; 0; 2; -4; 3}; {-2; 2; 1; -6; 3; 2; -2}; {-1; 2; -2; 3; 3; -1}; {0; 1; 1; 1}}
11a_98,{0; 2; {-3; 1; 1; -1; 0; 0; 1}; {-2; 2; -2; -1; 1; 0; -1}; {-1; 1; 1; 2; 1}}
11a_99,{0; 4; {0; 2; 3; -4; 2}; {-1; 2; -2; 7; -10; 3}; {-1; 2; -1; 7; -10; 3}; {0; 2; 2; -5; 1}; {1; 1; -1}}
11a_100,{0; 3; {1; 4; 1; 2; -3; 1}; {1; 5; 2; 2; -7; 5; -1}; {1; 4; 1; -1; -6; 3}; {2; 3; -1; -2}}
11a_101,{0; 3; {1; 3; 1; 1; -1}; {0; 4; -1; 1; 5; -4; 1}; {0; 3; -1; 1; 5; -3}; {1; 2; 1; 2}}
11a_102,{0; 3; {-1; 3; 2; -1; -3; 4; -1}; {-1; 3; 1; -4; -3; 5; -2}; {0; 3; -2; 1; 3; -1}; {1; 2; 1; 1}}
11a_103,{0; 2; {-2; 2; 1; 0; -1; 0; 1}; {-1; 3; -2; -2; 1; 0; -1}; {0; 2; 1; 2; 1}}
11a_104,{0; 3; {-2; -1; -1; 2}; {-2; 2; -1; 3; 0; -2; 1}; {-1; 2; 2; -1; -2; 1}; {0; 1; -1; -1}}
11a_105,{0; 3; {1; 5; 2; 0; -3; 3; -1}; {1; 5; 3; 0; -8; 7; -1}; {1; 4; 1; -2; -7; 3}; {2; 3; -1; -2}}
11a_106,{0; 4; {-1; 2; -2; 6; -4; 1}; {-1; 2; -5; 15; -12; 3}; {-1; 2; -4; 14; -9; 1}; {-1; 1; -1; 6; -2}; {0; 0; 1}}
11a_107,{0; 3; {-1; 2; -1; 4; -3; 1}; {-1; 3; -2; 5; -2; -2; 1}; {-1; 2; -1; 3; 1; -2}; {0; 1; 1; 1}}
11a_108,{0; 4; {-2; 1; 1; -4; 6; -2}; {-2; 1; 5; -14; 13; -3}; {-2; 1; 4; -14; 9; -1}; {-2; 0; 1; -6; 2}; {-1; -1; -1}}
11a_109,{0; 4; {-1; 1; -3; 7; -3}; {-1; 2; -6; 17; -10; 2}; {-1; 2; -4; 15; -8; 1}; {-1; 1; -1; 6; -2}; {0; 0; 1}}
11a_110,{0; 3; {-2; 2; 1; -2; 1; 2; -1}; {-2; 2; 2; -4; -1; 4; -1}; {-2; 1; 1; -3; -2; 2}; {-1; 0; -1; -1}}
11a_111,{0; 3; {-1; 2; -1; 2; 1; -1}; {-1; 3; -2; 4; 2; -3; 1}; {-1; 2; -1; 3; 2; -2}; {0; 1; 1; 1}}
11a_112,{0; 4; {-2; 1; 2; -3; 1; 1}; {-2; 1; 3; -10; 6; -2}; {-2; 1; 1; -8; 9; -3}; {-1; 1; -2; 5; -1}; {0; 0; 1}}
11a_113,{0; 4; {-4; -1; 1; -3; 2; 1}; {-4; -1; 3; -9; 8; -1}; {-4; -1; 1; -8; 9; -3}; {-3; -1; -2; 5; -1}; {-2; -2; 1}}
11a_114,{0; 3; {2; 4; 4; -4; 1}; {0; 4; -1; 0; 8; -6; 1}; {0; 3; -1; 1; 6; -3}; {1; 2; 1; 2}}
11a_115,{0; 3; {-1; 3; 1; 1; -4; 4; -1}; {-1; 3; 2; -1; -9; 7; -1}; {-1; 2; 1; -2; -7; 3}; {0; 1; -1; -2}}
11a_116,{0; 3; {1; 5; 1; 2; -4; 3; -1}; {1; 5; 2; 2; -7; 6; -1}; {1; 4; 1; -1; -6; 3}; {2; 3; -1; -2}}
11a_117,{0; 3; {1; 4; 1; 0; 1; -1}; {1; 5; 2; -1; 1; 2; -1}; {1; 4; 1; -2; -1; 2}; {2; 3; -1; -1}}
11a_118,{0; 3; {-1; 3; 2; -2; -1; 3; -1}; {-1; 3; 1; -5; 0; 4; -2}; {0; 3; -2; 2; 3; -1}; {1; 2; 1; 1}}
11a_119,{0; 2; {-2; 1; 1; 0; -2; 2}; {-1; 3; -2; -2; 2; 0; -1}; {0; 2; 1; 2; 1}}
11a_120,{0; 3; {-5; -1; -1; 0; 2; -1; 1}; {-5; -1; -1; 3; 2; -1; 2}; {-4; -1; 2; -1; -2; 1}; {-3; -2; -1; -1}}
11a_121,{0; 3; {-4; -1; -1; 2; -2; 2}; {-3; 1; 3; -4; 4; -2; 1}; {-2; 0; -3; 2; -2}; {-1; -1; 1}}
11a_122,{0; 3; {-4; -1; 1; -2; 0; 2}; {-4; 0; 1; -3; 0; 3; -1}; {-3; 0; -2; 1; 2; -1}; {-2; -1; 1; 1}}
11a_123,{0; 2; {3; 6; 2; 2; -4; 1}; {2; 6; 1; 4; 6; -3; -1}; {2; 5; 1; 3; 4; 1}}
11a_124,{0; 3; {3; 6; 1; 5; -7; 2}; {3; 5; 3; 13; -9}; {3; 6; 3; 11; -1; -1}; {3; 5; 1; 3; 1}}
11a_125,{0; 4; {0; 3; 2; -3; 3; -1}; {0; 3; 4; -10; 7; -1}; {0; 3; 3; -11; 6; -1}; {0; 2; 1; -5; 2}; {1; 1; -1}}
11a_126,{0; 4; {-1; 1; -4; 9; -4}; {-1; 2; -7; 19; -9; 1}; {-1; 2; -4; 16; -7; 1}; {-1; 1; -1; 6; -2}; {0; 0; 1}}
11a_127,{0; 4; {2; 4; 4; -4; 1}; {1; 4; -2; 10; -8; 2}; {1; 4; -3; 10; -7; 1}; {1; 3; -1; 5; -2}; {2; 2; 1}}
11a_128,{0; 3; {-3; 1; 1; -1; 1; -2; 2}; {-2; 2; -3; 3; -5; 2; -1}; {-1; 1; 3; -2; 2}; {0; 0; -1}}
11a_129,{0; 4; {-4; -1; 2; -5; 3; 1}; {-4; -1; 3; -10; 8; -1}; {-4; -1; 1; -8; 9; -3}; {-3; -1; -2; 5; -1}; {-2; -2; 1}}
11a_130,{0; 3; {-4; -1; 1; -1; -2; 3}; {-4; 0; 1; -3; -1; 3; -1}; {-3; 0; -2; 1; 2; -1}; {-2; -1; 1; 1}}
11a_131,{0; 4; {-3; 0; -2; 5; -4; 2}; {-3; 0; -3; 11; -10; 3}; {-3; 0; -1; 8; -10; 3}; {-2; 0; 2; -5; 1}; {-1; -1; -1}}
11a_132,{0; 3; {-1; 3; 1; 1; -4; 4; -1}; {-1; 3; 1; -2; -4; 4; -1}; {0; 3; -2; 0; 2; -1}; {1; 2; 1; 1}}
11a_133,{0; 2; {0; 5; 1; 0; 1; -3; 3; -1}; {0; 4; 1; 0; -1; -3; 3}; {1; 3; -1; -2; -2}}
11a_134,{0; 3; {0; 4; -1; 2; 3; -4; 1}; {0; 4; -2; 2; 9; -7; 1}; {0; 3; -1; 2; 7; -3}; {1; 2; 1; 2}}
11a_135,{0; 3; {-1; 1; 2; -3; 2}; {-2; 0; -1; 2; -3}; {-1; 2; 2; -1; -1; 1}; {0; 1; -1; -1}}
11a_136,{0; 3; {-2; -1; -1; 2}; {-4; -1; 1; -1; -1; 2}; {-3; 0; -2; 0; 1; -1}; {-2; -1; 1; 1}}
11a_137,{0; 3; {-3; 1; 1; 0; -2; 1; 1}; {-3; 1; 1; -3; -2; 1; -1}; {-2; 1; -2; 1; 2; -1}; {-1; 0; 1; 1}}
11a_138,{0; 3; {0; 0; 1}; {-2; 1; -1; 1; 1; -1}; {-1; 2; 2; 0; -1; 1}; {0; 1; -1; -1}}
11a_139,{0; 4; {0; 3; 2; -4; 5; -2}; {0; 3; 5; -14; 13; -3}; {0; 3; 4; -14; 9; -1}; {0; 2; 1; -6; 2}; {1; 1; -1}}
11a_140,{0; 3; {0; 4; 2; -2; 0; 2; -1}; {0; 4; 3; -5; -2; 5; -1}; {0; 3; 1; -4; -3; 2}; {1; 2; -1; -1}}
11a_141,{0; 3; {-3; 1; 1; -2; 2; -1; 1}; {-3; 1; 1; -4; 2; 0; -1}; {-2; 1; -2; 2; 2; -1}; {-1; 0; 1; 1}}
11a_142,{0; 4; {-5; -2; -3; 5; -3; 2}; {-5; -2; -4; 14; -10; 7}; {-5; -2; -1; 10; -12; 5}; {-4; -2; 2; -6; 1}; {-3; -3; -1}}
11a_143,{0; 3; {-5; -2; -2; 3; -2; 2}; {-5; -1; -1; 5; -1; 1; 2}; {-4; -1; 2; -2; -2; 1}; {-3; -2; -1; -1}}
11a_144,{0; 3; {-5; -1; -2; 2; 1; -1; 1}; {-5; -1; -1; 5; 1; -2; 3}; {-4; -1; 2; -2; -3; 1}; {-3; -2; -1; -1}}
11a_145,{0; 2; {-5; -1; -1; 0; 2; -1; 1}; {-4; 0; 2; 2; -1; 1; 1}; {-3; -1; -1; -2; -1}}
11a_146,{0; 4; {-3; -2; -2; 3}; {-3; 0; -3; 10; -6; 2}; {-3; 0; -1; 8; -9; 3}; {-2; 0; 2; -5; 1}; {-1; -1; -1}}
11a_147,{0; 4; {0; 3; 1; -2; 4; -2}; {0; 3; 3; -8; 9; -2}; {0; 3; 3; -10; 7; -1}; {0; 2; 1; -5; 2}; {1; 1; -1}}
11a_148,{0; 2; {1; 5; 2; 0; -3; 3; -1}; {0; 4; 1; 2; -2; -4; 4}; {1; 3; -1; -3; -3}}
11a_149,{0; 3; {-1; 3; 1; -1; 0; 2; -1}; {-1; 3; 1; -3; 0; 3; -1}; {0; 3; -2; 1; 2; -1}; {1; 2; 1; 1}}
11a_150,{0; 3; {-5; -2; -1; 1; -1; 2}; {-5; -1; -1; 3; 0; 2; 1}; {-4; -1; 2; -1; -1; 1}; {-3; -2; -1; -1}}
11a_151,{0; 4; {-3; -1; -3; 5; -1}; {-3; 0; -3; 11; -6; 2}; {-3; 0; -1; 8; -9; 3}; {-2; 0; 2; -5; 1}; {-1; -1; -1}}
11a_152,{0; 3; {-3; 0; -1; 0; 3; -1}; {-3; 1; -1; 3; 2; -2; 1}; {-2; 1; 2; -1; -2; 1}; {-1; 0; -1; -1}}
11a_153,{0; 3; {-1; 3; 1; -2; 1; 3; -2}; {-1; 3; 2; -4; 0; 5; -1}; {-1; 2; 1; -3; -2; 2}; {0; 1; -1; -1}}
11a_154,{0; 2; {-1; 4; 1; -1; 0; 1; 1; -1}; {-1; 3; 1; -1; -2; 1; 2}; {0; 2; -1; -2; -1}}
11a_155,{0; 3; {-4; -1; 1; -5; 6; -1}; {-4; -1; 1; -6; 10; -2}; {-3; 0; -3; 6; 0; -1}; {-2; -1; 2; 1}}
11a_156,{0; 4; {-3; 0; -4; 9; -6; 2}; {-3; 0; -4; 17; -15; 5}; {-3; 0; -1; 10; -14; 4}; {-2; 0; 2; -6; 1}; {-1; -1; -1}}
11a_157,{0; 4; {-3; 0; -3; 7; -5; 2}; {-3; 0; -3; 12; -10; 3}; {-3; 0; -1; 8; -10; 3}; {-2; 0; 2; -5; 1}; {-1; -1; -1}}
11a_158,{0; 4; {-2; 1; 3; -7; 6; -1}; {-2; 1; 6; -17; 11; -2}; {-2; 1; 4; -15; 8; -1}; {-2; 0; 1; -6; 2}; {-1; -1; -1}}
11a_159,{0; 3; {-1; 4; 1; -1; 1; -1; 2; -1}; {-1; 3; 1; -3; 3; -4; 3}; {0; 2; -2; 2; -3}; {1; 1; 1}}
11a_160,{0; 4; {-1; 2; -1; 4; -3; 1}; {-1; 2; -3; 9; -8; 2}; {-1; 2; -3; 10; -7; 1}; {-1; 1; -1; 5; -2}; {0; 0; 1}}
11a_161,{0; 3; {-4; 0; -2; 3; 1; -3; 2}; {-4; 0; -1; 6; -1; -5; 3}; {-3; 0; 2; -3; -4; 1}; {-2; -1; -1; -1}}
11a_162,{0; 4; {-3; -1; -1; 1; 1}; {-3; -1; -2; 5; -1}; {-3; 0; -1; 6; -5; 2}; {-2; 0; 2; -4; 1}; {-1; -1; -1}}
11a_163,{0; 4; {-1; 1; -2; 5; -2}; {-1; 2; -3; 10; -7; 2}; {-1; 2; -1; 8; -9; 3}; {0; 2; 2; -5; 1}; {1; 1; -1}}
11a_164,{0; 4; {-2; 1; 1; -1; 0; 1}; {-2; 0; 2; -5; 1}; {-2; 1; 1; -6; 5; -2}; {-1; 1; -2; 4; -1}; {0; 0; 1}}
11a_165,{0; 3; {-1; 3; 1; 0; -3; 5; -2}; {-1; 3; 2; -3; -4; 6; -1}; {-1; 2; 1; -3; -3; 2}; {0; 1; -1; -1}}
11a_166,{0; 2; {-1; 4; 1; 0; -1; 0; 2; -1}; {-1; 3; 1; -1; -3; 0; 2}; {0; 2; -1; -2; -1}}
11a_167,{0; 3; {-2; 1; -1; 3; -2; 1}; {-2; 2; -1; 4; -3; -1; 1}; {-1; 2; 2; -2; -2; 1}; {0; 1; -1; -1}}
11a_168,{0; 3; {-2; -1; -1; 2}; {-2; 2; -1; 3; 0; -2; 1}; {-1; 2; 2; -1; -2; 1}; {0; 1; -1; -1}}
11a_169,{0; 3; {-3; -1; -1; 1; 1}; {-3; 1; -1; 3; 1; -2; 1}; {-2; 1; 2; -1; -2; 1}; {-1; 0; -1; -1}}
11a_170,{0; 4; {-1; 2; -1; 2; 1; -1}; {-1; 1; -4; 9; -3}; {-1; 2; -3; 11; -5; 1}; {-1; 1; -1; 5; -2}; {0; 0; 1}}
11a_171,{0; 4; {0; 2; -1; 4; -2}; {1; 3; 1; 2; -1}; {0; 3; 2; -5; 5; -1}; {0; 2; 1; -4; 2}; {1; 1; -1}}
11a_172,{0; 3; {-1; 3; 1; 0; -2; 3; -1}; {-1; 3; 1; -2; -3; 4; -1}; {0; 3; -2; 0; 2; -1}; {1; 2; 1; 1}}
11a_173,{0; 3; {-1; 3; 1; -2; 1; 3; -2}; {-1; 3; 1; -3; 1; 4; -1}; {0; 3; -2; 1; 2; -1}; {1; 2; 1; 1}}
11a_174,{0; 4; {-2; 1; 1; -3; 4; -1}; {-2; 1; 4; -12; 11; -3}; {-2; 1; 4; -13; 9; -1}; {-2; 0; 1; -6; 2}; {-1; -1; -1}}
11a_175,{0; 4; {-1; 1; -2; 5; -2}; {-1; 2; -5; 14; -9; 2}; {-1; 2; -4; 14; -8; 1}; {-1; 1; -1; 6; -2}; {0; 0; 1}}
11a_176,{0; 4; {0; 3; 2; -3; 3; -1}; {0; 3; 5; -13; 10; -2}; {0; 3; 4; -14; 8; -1}; {0; 2; 1; -6; 2}; {1; 1; -1}}
11a_177,{0; 4; {1; 3; -1; 5; -3}; {1; 4; -4; 15; -9; 2}; {1; 4; -4; 14; -8; 1}; {1; 3; -1; 6; -2}; {2; 2; 1}}
11a_178,{0; 3; {2; 3; 3; -2}; {0; 4; -1; 2; 4; -3; 1}; {0; 3; -1; 2; 2; -2}; {1; 2; 1; 1}}
11a_179,{0; 4; {0; 2; 3; -4; 2}; {0; 3; 4; -13; 10; -3}; {0; 3; 1; -10; 12; -4}; {1; 3; -2; 6; -1}; {2; 2; 1}}
11a_180,{0; 4; {-2; 0; 2; -4; 3}; {-2; 1; 3; -12; 11; -4}; {-2; 1; 1; -9; 13; -4}; {-1; 1; -2; 6; -1}; {0; 0; 1}}
11a_181,{0; 3; {-1; 2; 1; 1; -3; 2}; {-1; 3; 1; -3; -3; 4; -2}; {0; 3; -2; 1; 3; -1}; {1; 2; 1; 1}}
11a_182,{0; 4; {-4; -2; 1; -4; 4}; {-4; -1; 3; -11; 13; -3}; {-4; -1; 1; -9; 13; -4}; {-3; -1; -2; 6; -1}; {-2; -2; 1}}
11a_183,{0; 3; {-4; -1; 1; -3; 2; 1}; {-4; 0; 1; -4; 3; 2; -1}; {-3; 0; -2; 2; 2; -1}; {-2; -1; 1; 1}}
11a_184,{0; 4; {-3; 0; -2; 4; -2; 1}; {-3; 0; -3; 12; -11; 4}; {-3; 0; -1; 9; -13; 4}; {-2; 0; 2; -6; 1}; {-1; -1; -1}}
11a_185,{0; 3; {-3; 0; -1; 2; -1; 1}; {-3; 1; -1; 4; -2; -1; 1}; {-2; 1; 2; -2; -2; 1}; {-1; 0; -1; -1}}
11a_186,{0; 3; {3; 5; 2; 1; -2}; {3; 6; 5; 6; -1; -2}; {3; 6; 4; 7; 2; -1}; {3; 5; 1; 2; 1}}
11a_187,{0; 3; {-2; 0; 1; -2; 2}; {-2; 2; 2; -5; 1; 2; -1}; {-2; 1; 1; -3; -1; 2}; {-1; 0; -1; -1}}
11a_188,{0; 3; {-2; 1; 2; -3; 1; 1}; {-2; 2; 1; -6; 2; 2; -2}; {-1; 2; -2; 3; 3; -1}; {0; 1; 1; 1}}
11a_189,{0; 4; {-2; 0; 1; -2; 2}; {-2; 1; 2; -8; 8; -3}; {-2; 1; 1; -7; 10; -3}; {-1; 1; -2; 5; -1}; {0; 0; 1}}
11a_190,{0; 3; {-1; 3; 1; 0; -2; 3; -1}; {-1; 3; 2; -3; -4; 5; -1}; {-1; 2; 1; -3; -3; 2}; {0; 1; -1; -1}}
11a_191,{0; 3; {3; 5; 1; 3; -3}; {3; 6; 4; 9; -2; -2}; {3; 6; 4; 8; 2; -1}; {3; 5; 1; 2; 1}}
11a_192,{0; 2; {3; 5; 2; 1; -2}; {2; 6; 1; 5; 4; -1; -1}; {2; 5; 1; 3; 3; 1}}
11a_193,{0; 3; {-4; -1; 1; -2; 0; 2}; {-4; 0; 1; -4; 1; 4; -2}; {-3; 0; -2; 2; 3; -1}; {-2; -1; 1; 1}}
11a_194,{0; 4; {-4; -2; 2; -6; 5}; {-4; -1; 3; -13; 15; -4}; {-4; -1; 1; -9; 14; -4}; {-3; -1; -2; 6; -1}; {-2; -2; 1}}
11a_195,{0; 2; {-4; 0; 1; -2; 1; 0; 1}; {-3; 1; -2; 1; 0; 1; -1}; {-2; 0; 1; 1; 1}}
11a_196,{0; 4; {-3; 0; -1; 2; -1; 1}; {-3; 0; -2; 8; -8; 3}; {-3; 0; -1; 7; -10; 3}; {-2; 0; 2; -5; 1}; {-1; -1; -1}}
11a_197,{0; 3; {0; 3; -1; 2; 2; -2}; {0; 4; -2; 3; 7; -5; 1}; {0; 3; -1; 2; 6; -3}; {1; 2; 1; 2}}
11a_198,{0; 3; {-1; 1; -1; 3; -1}; {-1; 3; -2; 5; -1; -2; 1}; {-1; 2; -1; 3; 1; -2}; {0; 1; 1; 1}}
11a_199,{0; 3; {-3; 0; 1; 0; -3; 3}; {-3; 1; 1; -3; -3; 4; -2}; {-2; 1; -2; 1; 3; -1}; {-1; 0; 1; 1}}
11a_200,{0; 2; {2; 5; 1; 0; 2; -2}; {2; 6; 2; 2; 5; -1; -1}; {2; 5; 1; 2; 3; 1}}
11a_201,{0; 2; {-3; 1; 1; 0; -2; 1; 1}; {-2; 2; -2; -2; 1; 0; -1}; {-1; 1; 1; 2; 1}}
11a_202,{0; 3; {-1; 2; 2; -1; -2; 2}; {-1; 3; 1; -4; -2; 2; -1}; {0; 3; -2; 1; 2; -1}; {1; 2; 1; 1}}
11a_203,{0; 4; {2; 5; 3; -3; 2; -1}; {2; 5; 7; -10; 10; -3}; {2; 5; 5; -12; 9; -1}; {2; 4; 1; -6; 2}; {3; 3; -1}}
11a_204,{0; 3; {1; 5; 1; 1; -2; 2; -1}; {1; 5; 2; 0; -2; 4; -1}; {1; 4; 1; -2; -2; 2}; {2; 3; -1; -1}}
11a_205,{0; 3; {-3; 0; 1; -2; 1; 1}; {-3; 1; 1; -4; 1; 3; -2}; {-2; 1; -2; 2; 3; -1}; {-1; 0; 1; 1}}
11a_206,{0; 4; {-5; -2; -3; 4; -1; 1}; {-5; -2; -4; 13; -7; 6}; {-5; -2; -1; 10; -11; 5}; {-4; -2; 2; -6; 1}; {-3; -3; -1}}
11a_207,{0; 3; {-5; -2; -2; 2; 0; 1}; {-5; -1; -1; 5; 0; 1; 2}; {-4; -1; 2; -2; -2; 1}; {-3; -2; -1; -1}}
11a_208,{0; 3; {-5; -2; -1; 0; 1; 1}; {-5; -1; -1; 3; 2; 0; 2}; {-4; -1; 2; -1; -2; 1}; {-3; -2; -1; -1}}
11a_209,{0; 3; {-3; 1; 1; -1; 0; 0; 1}; {-2; 2; -3; 2; -2; 1; -1}; {-1; 1; 3; -1; 2}; {0; 0; -1}}
11a_210,{0; 2; {-3; 0; 1; -1; -1; 2}; {-2; 2; -2; -1; 2; 0; -1}; {-1; 1; 1; 2; 1}}
11a_211,{0; 2; {-5; -2; -1; 1; -1; 2}; {-4; 0; 2; 0; 2; 0; 1}; {-3; -1; -1; -1; -1}}
11a_212,{0; 3; {1; 3; 1; 1; -1}; {1; 5; 2; 1; -4; 4; -1}; {1; 4; 1; -1; -5; 3}; {2; 3; -1; -2}}
11a_213,{0; 3; {1; 5; 1; 0; 0; 1; -1}; {1; 5; 2; 1; -3; 5; -1}; {1; 4; 1; -1; -5; 3}; {2; 3; -1; -2}}
11a_214,{0; 2; {-2; 2; 1; 0; 0; -2; 2}; {-1; 3; -2; -1; -2; 1; -1}; {0; 2; 1; 1; 1}}
11a_215,{0; 4; {2; 3; 3; -2}; {1; 4; -2; 10; -7; 2}; {1; 4; -3; 10; -7; 1}; {1; 3; -1; 5; -2}; {2; 2; 1}}
11a_216,{0; 4; {0; 3; 1; -1; 2; -1}; {0; 3; 3; -8; 8; -2}; {0; 3; 3; -10; 7; -1}; {0; 2; 1; -5; 2}; {1; 1; -1}}
11a_217,{0; 4; {-3; 0; -3; 6; -3; 1}; {-3; 0; -3; 12; -9; 3}; {-3; 0; -1; 8; -10; 3}; {-2; 0; 2; -5; 1}; {-1; -1; -1}}
11a_218,{0; 3; {-4; 0; -1; 2; -1; 0; 1}; {-3; 1; 3; -3; 1; -1; 1}; {-2; 0; -3; 1; -2}; {-1; -1; 1}}
11a_219,{0; 2; {-5; -2; -1; 0; 1; 1}; {-4; 0; 2; 2; 0; 1; 1}; {-3; -1; -1; -2; -1}}
11a_220,{0; 3; {1; 5; 2; -2; 1; 1; -1}; {1; 5; 3; -3; 0; 4; -1}; {1; 4; 1; -3; -2; 2}; {2; 3; -1; -1}}
11a_221,{0; 4; {-3; 0; -4; 8; -4; 1}; {-3; 0; -4; 16; -12; 4}; {-3; 0; -1; 10; -13; 4}; {-2; 0; 2; -6; 1}; {-1; -1; -1}}
11a_222,{0; 3; {-3; -2; -2; 3}; {-3; 1; -1; 5; -1; -1; 1}; {-2; 1; 2; -2; -2; 1}; {-1; 0; -1; -1}}
11a_223,{0; 4; {2; 5; 4; -5; 3; -1}; {2; 5; 8; -13; 11; -3}; {2; 5; 5; -13; 9; -1}; {2; 4; 1; -6; 2}; {3; 3; -1}}
11a_224,{0; 3; {1; 5; 2; -1; -1; 2; -1}; {1; 5; 3; -3; -1; 4; -1}; {1; 4; 1; -3; -2; 2}; {2; 3; -1; -1}}
11a_225,{0; 3; {-4; 0; -2; 3; 0; -1; 1}; {-4; 0; -1; 6; -1; -4; 3}; {-3; 0; 2; -3; -4; 1}; {-2; -1; -1; -1}}
11a_226,{0; 2; {-4; 0; -1; 1; 1; -1; 1}; {-3; 1; 2; 1; -2; 0; 1}; {-2; 0; -1; -2; -1}}
11a_227,{0; 3; {3; 6; 1; 4; -5; 1}; {3; 6; 3; 12; -6; -1}; {3; 6; 3; 11; 0; -1}; {3; 5; 1; 3; 1}}
11a_228,{0; 3; {-3; 0; 1; -2; 1; 1}; {-2; 2; -3; 3; -1; 1; -1}; {-1; 1; 3; -1; 2}; {0; 0; -1}}
11a_229,{0; 2; {0; 5; 1; 0; -1; 1; 1; -1}; {0; 4; 1; 0; -2; 1; 2}; {1; 3; -1; -2; -1}}
11a_230,{0; 2; {0; 5; 1; 0; 0; -1; 2; -1}; {0; 4; 1; -1; 0; -1; 2}; {1; 3; -1; -1; -1}}
11a_231,{0; 4; {-2; 1; 3; -10; 12; -4}; {-2; 1; 6; -19; 18; -4}; {-2; 1; 4; -15; 10; -1}; {-2; 0; 1; -6; 2}; {-1; -1; -1}}
11a_232,{0; 4; {-2; 1; 2; -5; 5; -1}; {-2; 1; 6; -16; 11; -2}; {-2; 1; 4; -15; 8; -1}; {-2; 0; 1; -6; 2}; {-1; -1; -1}}
11a_233,{0; 4; {-1; 1; -1; 3; -1}; {-1; 2; -4; 10; -6; 1}; {-1; 2; -3; 11; -6; 1}; {-1; 1; -1; 5; -2}; {0; 0; 1}}
11a_234,{0; 4; {4; 6; 4; -2; -1}; {4; 6; 14; 3; -6}; {4; 6; 16; 10; -5}; {4; 6; 7; 6; -1}; {4; 5; 1; 1}}
11a_235,{0; 3; {3; 6; 1; 2; -1; -1}; {3; 6; 4; 8; 1; -3}; {3; 6; 4; 8; 3; -1}; {3; 5; 1; 2; 1}}
11a_236,{0; 3; {3; 6; 2; 0; 0; -1}; {3; 6; 5; 6; 0; -2}; {3; 6; 4; 7; 2; -1}; {3; 5; 1; 2; 1}}
11a_237,{0; 2; {3; 6; 2; 0; 0; -1}; {2; 6; 1; 5; 4; 0; -1}; {2; 5; 1; 3; 3; 1}}
11a_238,{0; 2; {2; 6; 1; 0; 1; 0; -1}; {2; 6; 2; 3; 3; 1; -1}; {2; 5; 1; 2; 2; 1}}
11a_239,{0; 4; {1; 2; 2; -1}; {0; 3; 1; -2; 3; -1}; {0; 3; 2; -6; 5; -1}; {0; 2; 1; -4; 2}; {1; 1; -1}}
11a_240,{0; 4; {4; 6; 6; -6; 1}; {4; 6; 17; -5; -3}; {4; 6; 17; 5; -4}; {4; 6; 7; 5; -1}; {4; 5; 1; 1}}
11a_241,{0; 3; {3; 5; 2; 1; -2}; {3; 6; 5; 6; -1; -2}; {3; 6; 4; 7; 2; -1}; {3; 5; 1; 2; 1}}
11a_242,{0; 3; {3; 6; 3; -2; 1; -1}; {3; 6; 7; 0; 4; -3}; {3; 6; 5; 3; 4; -1}; {3; 5; 1; 1; 1}}
11a_243,{0; 2; {2; 6; 1; 1; -1; 1; -1}; {2; 6; 2; 3; 2; 1; -1}; {2; 5; 1; 2; 2; 1}}
11a_244,{0; 3; {3; 5; 1; 3; -3}; {3; 6; 3; 12; -5; -1}; {3; 6; 3; 11; 0; -1}; {3; 5; 1; 3; 1}}
11a_245,{0; 3; {3; 6; 4; -4; 2; -1}; {3; 6; 8; -2; 3; -2}; {3; 6; 5; 2; 3; -1}; {3; 5; 1; 1; 1}}
11a_246,{0; 2; {2; 6; 2; -1; 0; 1; -1}; {2; 6; 3; 1; 1; 2; -1}; {2; 5; 1; 1; 1; 1}}
11a_247,{0; 1; {1; 6; 1; 0; 0; 0; 1; -1}; {1; 5; 1; 1; 1; 1; 1}}
11a_248,{0; 4; {0; 0; 1}; {-3; 0; -1; 5; -7; 3}; {-3; 0; -1; 6; -10; 3}; {-2; 0; 2; -5; 1}; {-1; -1; -1}}
11a_249,{0; 3; {-2; 0; 1; -2; 2}; {-3; 1; -1; 3; -3; -1; 1}; {-2; 1; 2; -2; -2; 1}; {-1; 0; -1; -1}}
11a_250,{0; 4; {0; 3; 4; -8; 7; -2}; {0; 3; 4; -16; 16; -5}; {0; 3; 1; -10; 14; -4}; {1; 3; -2; 6; -1}; {2; 2; 1}}
11a_251,{0; 4; {-2; 1; 2; -5; 5; -1}; {-2; 1; 3; -11; 10; -3}; {-2; 1; 1; -8; 10; -3}; {-1; 1; -2; 5; -1}; {0; 0; 1}}
11a_252,{0; 4; {-1; 2; -2; 6; -4; 1}; {-1; 2; -3; 11; -10; 3}; {-1; 2; -1; 8; -10; 3}; {0; 2; 2; -5; 1}; {1; 1; -1}}
11a_253,{0; 4; {-2; 1; 2; -5; 5; -1}; {-2; 1; 3; -11; 10; -3}; {-2; 1; 1; -8; 10; -3}; {-1; 1; -2; 5; -1}; {0; 0; 1}}
11a_254,{0; 4; {-1; 2; -2; 6; -4; 1}; {-1; 2; -3; 11; -10; 3}; {-1; 2; -1; 8; -10; 3}; {0; 2; 2; -5; 1}; {1; 1; -1}}
11a_255,{0; 4; {-3; 0; -1; 3; -3; 2}; {-3; 0; -2; 8; -9; 3}; {-3; 0; -1; 7; -10; 3}; {-2; 0; 2; -5; 1}; {-1; -1; -1}}
11a_256,{0; 3; {-1; 1; 1; -1; 1}; {-3; 1; -1; 2; 0; -3; 1}; {-2; 1; 2; -1; -2; 1}; {-1; 0; -1; -1}}
11a_257,{0; 4; {-2; 1; 2; -6; 7; -2}; {-2; 1; 3; -13; 15; -5}; {-2; 1; 1; -9; 14; -4}; {-1; 1; -2; 6; -1}; {0; 0; 1}}
11a_258,{0; 3; {-2; 2; 2; -4; 2; 2; -1}; {-2; 2; 1; -6; 3; 3; -2}; {-1; 2; -2; 3; 3; -1}; {0; 1; 1; 1}}
11a_259,{0; 4; {2; 5; 4; -6; 5; -2}; {2; 5; 8; -13; 12; -3}; {2; 5; 5; -13; 9; -1}; {2; 4; 1; -6; 2}; {3; 3; -1}}
11a_260,{0; 3; {1; 5; 2; -1; -2; 4; -2}; {1; 5; 3; -2; -3; 6; -1}; {1; 4; 1; -3; -3; 2}; {2; 3; -1; -1}}
11a_261,{0; 4; {-4; -1; 1; -2; 0; 2}; {-4; -1; 2; -7; 6; -1}; {-4; -1; 1; -7; 9; -3}; {-3; -1; -2; 5; -1}; {-2; -2; 1}}
11a_262,{0; 3; {-4; 0; 1; -2; 1; 0; 1}; {-4; 0; 1; -4; 2; 1; -1}; {-3; 0; -2; 2; 2; -1}; {-2; -1; 1; 1}}
11a_263,{0; 4; {4; 7; 8; -11; 5; -1}; {4; 6; 20; -13; 1}; {4; 6; 18; 0; -3}; {4; 6; 7; 4; -1}; {4; 5; 1; 1}}
11a_264,{0; 4; {1; 3; 1; 1; -1}; {0; 3; 2; -5; 7; -2}; {0; 3; 3; -9; 7; -1}; {0; 2; 1; -5; 2}; {1; 1; -1}}
11a_265,{0; 3; {0; 3; 1; -1; 2; -1}; {-1; 3; 1; -1; -2; 4; -1}; {-1; 2; 1; -2; -2; 2}; {0; 1; -1; -1}}
11a_266,{0; 4; {-2; 1; -1; 3; -2; 1}; {0; 1; 1; -1}; {-2; 1; 1; -4; 6; -2}; {-1; 1; -2; 4; -1}; {0; 0; 1}}
11a_267,{0; 4; {0; 0; 1}; {-3; 0; -1; 3; -3; 1}; {-3; 0; -1; 5; -6; 2}; {-2; 0; 2; -4; 1}; {-1; -1; -1}}
11a_268,{0; 4; {0; 2; 2; -2; 1}; {-1; 2; -2; 7; -9; 3}; {-1; 2; -1; 7; -10; 3}; {0; 2; 2; -5; 1}; {1; 1; -1}}
11a_269,{0; 4; {-1; 2; 1; 0; -1; 1}; {-1; 2; -1; 4; -8; 3}; {-1; 2; -1; 6; -10; 3}; {0; 2; 2; -5; 1}; {1; 1; -1}}
11a_270,{0; 3; {-1; 2; 1; 0; -1; 1}; {-2; 2; -1; 2; -1; -3; 1}; {-1; 2; 2; -1; -2; 1}; {0; 1; -1; -1}}
11a_271,{0; 3; {0; 4; 1; 0; 1; -2; 1}; {1; 4; -2; 5; -5; 1}; {0; 3; -1; 0; 5; -3}; {1; 2; 1; 2}}
11a_272,{0; 3; {0; 2; 2; -2; 1}; {-2; 2; -1; 1; 2; -4; 1}; {-1; 2; 2; 0; -2; 1}; {0; 1; -1; -1}}
11a_273,{0; 3; {-4; -1; 1; -2; 0; 2}; {-4; 0; 1; -5; 4; 1; -1}; {-3; 0; -3; 5; 1; -1}; {-2; -1; 2; 1}}
11a_274,{0; 4; {-2; 1; 2; -5; 5; -1}; {-2; 1; 2; -10; 11; -4}; {-2; 1; 1; -7; 11; -3}; {-1; 1; -2; 5; -1}; {0; 0; 1}}
11a_275,{0; 3; {1; 5; 1; 1; -3; 4; -2}; {1; 5; 2; 2; -6; 7; -1}; {1; 4; 1; -1; -6; 3}; {2; 3; -1; -2}}
11a_276,{0; 3; {2; 5; 3; -3; 2; -1}; {1; 5; 1; 4; -5; 5; -1}; {1; 4; 1; 0; -5; 3}; {2; 3; -1; -2}}
11a_277,{0; 4; {0; 2; 3; -4; 2}; {0; 3; 3; -10; 7; -2}; {0; 3; 3; -10; 7; -1}; {0; 2; 1; -5; 2}; {1; 1; -1}}
11a_278,{0; 3; {-1; 2; 2; -2; 0; 1}; {-1; 3; 1; -4; -1; 2; -1}; {-1; 2; 1; -2; -1; 2}; {0; 1; -1; -1}}
11a_279,{0; 3; {-2; 1; 2; -5; 5; -1}; {-2; 2; 1; -9; 10; -1; -2}; {-1; 2; -3; 8; 2; -1}; {0; 1; 2; 1}}
11a_280,{0; 2; {-3; 0; 1; -1; -1; 2}; {-2; 2; -3; 0; 3; -1; -1}; {-1; 1; 2; 3; 1}}
11a_281,{0; 4; {-1; 2; -1; 5; -5; 2}; {-1; 2; -2; 9; -12; 4}; {-1; 2; -1; 7; -11; 3}; {0; 2; 2; -5; 1}; {1; 1; -1}}
11a_282,{0; 4; {0; 0; 1}; {-2; 1; 2; -6; 6; -2}; {-2; 1; 3; -9; 7; -1}; {-2; 0; 1; -5; 2}; {-1; -1; -1}}
11a_283,{0; 3; {-4; -1; 1; -3; 2; 1}; {-4; 0; 1; -6; 7; 0; -1}; {-3; 0; -3; 6; 1; -1}; {-2; -1; 2; 1}}
11a_284,{0; 4; {0; 3; 1; -1; 2; -1}; {0; 3; 1; -4; 6; -2}; {0; 3; 2; -6; 6; -1}; {0; 2; 1; -4; 2}; {1; 1; -1}}
11a_285,{0; 3; {0; 0; 1}; {-1; 2; -1; 1; 1; -1}; {-2; 1; 1; -1; 0; 2}; {-1; 0; -1; -1}}
11a_286,{0; 4; {-1; 1; -1; 3; -1}; {-1; 2; -2; 8; -8; 3}; {-1; 2; -1; 7; -10; 3}; {0; 2; 2; -5; 1}; {1; 1; -1}}
11a_287,{0; 4; {-2; 0; 1; -2; 2}; {-2; 1; 2; -6; 4; -1}; {-2; 1; 1; -6; 6; -2}; {-1; 1; -2; 4; -1}; {0; 0; 1}}
11a_288,{0; 4; {-1; 1; -1; 3; -1}; {-1; 2; -2; 6; -4; 1}; {-1; 2; -2; 7; -5; 1}; {-1; 1; -1; 4; -2}; {0; 0; 1}}
11a_289,{0; 4; {-1; 2; -1; 4; -3; 1}; {-1; 2; -3; 9; -8; 2}; {-1; 2; -3; 10; -7; 1}; {-1; 1; -1; 5; -2}; {0; 0; 1}}
11a_290,{0; 3; {-3; 0; -1; 2; -1; 1}; {-3; 1; -1; 6; -6; 1; 1}; {-2; 1; 3; -6; -1; 1}; {-1; 0; -2; -1}}
11a_291,{0; 3; {4; 6; 6; -6; 1}; {3; 6; 1; 16; -6; -2}; {3; 6; 3; 13; 1; -1}; {3; 5; 1; 3; 1}}
11a_292,{0; 2; {3; 5; 2; 1; -2}; {3; 6; 6; 5; -2; -1}; {2; 5; 1; 4; 4; 1}}
11a_293,{0; 4; {-3; 0; -4; 8; -4; 1}; {-3; 0; -5; 17; -11; 3}; {-3; 0; -4; 14; -9; 1}; {-3; -1; -1; 6; -2}; {-2; -2; 1}}
11a_294,{0; 3; {-3; -2; -2; 3}; {-3; 1; -2; 6; 0; -2; 1}; {-3; 0; -1; 3; 1; -2}; {-2; -1; 1; 1}}
11a_295,{0; 3; {-5; -2; -2; 4; -4; 3}; {-5; -1; -1; 8; -8; 4; 2}; {-4; -1; 3; -7; -1; 1}; {-3; -2; -2; -1}}
11a_296,{0; 2; {-5; -1; -1; 1; 0; 0; 1}; {-4; 0; 3; 0; -2; 2; 1}; {-3; -1; -2; -3; -1}}
11a_297,{0; 3; {-3; 0; -1; 3; -3; 2}; {-2; 1; 3; -4; 0; 1}; {-3; 0; -1; 1; -1; -2}; {-2; -1; 1; 1}}
11a_298,{0; 3; {4; 6; 6; -6; 1}; {3; 6; 2; 15; -7; -1}; {3; 6; 3; 12; 0; -1}; {3; 5; 1; 3; 1}}
11a_299,{0; 2; {3; 5; 2; 1; -2}; {2; 6; 1; 5; 4; -1; -1}; {2; 5; 1; 3; 3; 1}}
11a_300,{0; 4; {-2; 0; 2; -4; 3}; {-2; 1; 2; -9; 8; -3}; {-2; 1; 1; -7; 10; -3}; {-1; 1; -2; 5; -1}; {0; 0; 1}}
11a_301,{0; 4; {-3; -1; -1; 1; 1}; {-3; 0; -1; 4; -2; 1}; {-3; 0; -1; 5; -6; 2}; {-2; 0; 2; -4; 1}; {-1; -1; -1}}
11a_302,{0; 4; {-4; -1; 1; -2; 0; 2}; {-4; -1; 2; -5; 2; 1}; {-4; -1; 1; -6; 5; -2}; {-3; -1; -2; 4; -1}; {-2; -2; 1}}
11a_303,{0; 3; {-1; 3; 1; 0; -2; 3; -1}; {-1; 3; 1; 0; -7; 6; -1}; {-1; 2; 1; -1; -6; 3}; {0; 1; -1; -2}}
11a_304,{0; 3; {1; 5; 1; 2; -5; 5; -2}; {1; 5; 2; 3; -9; 8; -1}; {1; 4; 1; -1; -7; 3}; {2; 3; -1; -2}}
11a_305,{0; 4; {-2; 1; -1; 1; 2; -1}; {-2; 1; 2; -5; 7; -2}; {-2; 1; 3; -9; 7; -1}; {-2; 0; 1; -5; 2}; {-1; -1; -1}}
11a_306,{0; 4; {-4; -2; 1; -4; 4}; {-4; -1; 2; -10; 14; -4}; {-4; -1; 1; -8; 14; -4}; {-3; -1; -2; 6; -1}; {-2; -2; 1}}
11a_307,{0; 3; {-4; -1; 1; -3; 2; 1}; {-4; 0; 1; -5; 4; 3; -2}; {-3; 0; -2; 3; 3; -1}; {-2; -1; 1; 1}}
11a_308,{0; 4; {2; 5; 2; -2; 3; -2}; {2; 5; 7; -9; 11; -3}; {2; 5; 5; -12; 9; -1}; {2; 4; 1; -6; 2}; {3; 3; -1}}
11a_309,{0; 3; {2; 5; 2; -1; 1; -1}; {1; 5; 2; 1; -1; 4; -1}; {1; 4; 1; -2; -2; 2}; {2; 3; -1; -1}}
11a_310,{0; 3; {1; 5; 1; 0; -1; 3; -2}; {1; 5; 3; -1; -2; 6; -1}; {1; 4; 1; -3; -3; 2}; {2; 3; -1; -1}}
11a_311,{0; 2; {1; 5; 1; 0; 0; 1; -1}; {0; 4; 1; 1; -1; 1; 2}; {1; 3; -1; -2; -1}}
11a_312,{0; 3; {-4; -2; 1; -4; 4}; {-4; 0; 1; -7; 9; 1; -2}; {-3; 0; -3; 7; 2; -1}; {-2; -1; 2; 1}}
11a_313,{0; 2; {-4; -1; 1; -3; 2; 1}; {-3; 1; -3; 3; 2; 0; -1}; {-2; 0; 2; 2; 1}}
11a_314,{0; 4; {0; 2; 2; -2; 1}; {0; 3; 1; -5; 5; -2}; {0; 3; 2; -6; 6; -1}; {0; 2; 1; -4; 2}; {1; 1; -1}}
11a_315,{0; 4; {-1; 2; -2; 6; -4; 1}; {-1; 2; -4; 12; -9; 2}; {-1; 2; -3; 11; -7; 1}; {-1; 1; -1; 5; -2}; {0; 0; 1}}
11a_316,{0; 4; {-1; 2; -3; 8; -5; 1}; {-1; 2; -6; 17; -11; 2}; {-1; 2; -4; 15; -8; 1}; {-1; 1; -1; 6; -2}; {0; 0; 1}}
11a_317,{0; 3; {-3; 0; -2; 5; -4; 2}; {-3; 1; -1; 8; -9; 2; 1}; {-2; 1; 3; -7; -1; 1}; {-1; 0; -2; -1}}
11a_318,{0; 3; {3; 6; 1; 2; -1; -1}; {3; 6; 3; 11; -2; -2}; {3; 6; 3; 11; 1; -1}; {3; 5; 1; 3; 1}}
11a_319,{0; 3; {4; 5; 5; -4}; {3; 6; 2; 14; -4; -2}; {3; 6; 3; 12; 1; -1}; {3; 5; 1; 3; 1}}
11a_320,{0; 2; {3; 5; 1; 3; -3}; {2; 6; 1; 4; 7; -2; -1}; {2; 5; 1; 3; 4; 1}}
11a_321,{0; 3; {-5; -2; -2; 3; -2; 2}; {-5; -1; -1; 7; -5; 3; 2}; {-4; -1; 3; -6; -1; 1}; {-3; -2; -2; -1}}
11a_322,{0; 3; {-3; 0; -2; 4; -2; 1}; {-3; 1; -1; 5; -2; -1; 1}; {-3; 0; -1; 2; 0; -2}; {-2; -1; 1; 1}}
11a_323,{0; 3; {-2; 2; -1; 1; 3; -3; 1}; {-2; 2; -2; 3; 4; -5; 1}; {-2; 1; -1; 3; 3; -2}; {-1; 0; 1; 1}}
11a_324,{0; 2; {-5; -2; -1; 1; -1; 2}; {-4; 0; 3; -1; 1; 1; 1}; {-3; -1; -2; -2; -1}}
11a_325,{0; 2; {-4; 0; -1; 2; 0; -2; 2}; {-3; 1; 3; -1; -4; 1; 1}; {-2; 0; -2; -3; -1}}
11a_326,{0; 4; {-1; 1; -2; 5; -2}; {-1; 2; -4; 11; -6; 1}; {-1; 2; -3; 11; -6; 1}; {-1; 1; -1; 5; -2}; {0; 0; 1}}
11a_327,{0; 3; {2; 3; 3; -2}; {1; 4; -1; 7; -4; 1}; {0; 3; -1; 0; 5; -3}; {1; 2; 1; 2}}
11a_328,{0; 3; {2; 5; 4; -5; 3; -1}; {1; 5; 1; 5; -8; 6; -1}; {1; 4; 1; 0; -6; 3}; {2; 3; -1; -2}}
11a_329,{0; 2; {3; 6; 1; 4; -5; 1}; {3; 6; 5; 8; -4; -1}; {2; 5; 1; 4; 5; 1}}
11a_330,{0; 4; {-3; 0; -3; 7; -5; 2}; {-3; 0; -5; 16; -12; 3}; {-3; 0; -4; 14; -9; 1}; {-3; -1; -1; 6; -2}; {-2; -2; 1}}
11a_331,{0; 3; {-3; 1; -2; 4; -1; -1; 1}; {-3; 1; -2; 6; -1; -3; 1}; {-3; 0; -1; 3; 1; -2}; {-2; -1; 1; 1}}
11a_332,{0; 4; {-1; 2; -2; 6; -4; 1}; {-1; 2; -2; 8; -7; 2}; {-1; 2; -2; 7; -6; 1}; {-1; 1; -1; 4; -2}; {0; 0; 1}}
11a_333,{0; 2; {-4; -1; 1; -2; 0; 2}; {-3; 1; -2; 0; 3; 0; -1}; {-2; 0; 1; 2; 1}}
11a_334,{0; 4; {4; 6; 3; 0; -2}; {4; 6; 13; 6; -7}; {4; 6; 16; 11; -5}; {4; 6; 7; 6; -1}; {4; 5; 1; 1}}
11a_335,{0; 3; {3; 6; 1; 1; 1; -2}; {3; 6; 4; 8; 2; -3}; {3; 6; 4; 8; 3; -1}; {3; 5; 1; 2; 1}}
11a_336,{0; 3; {4; 6; 4; -2; -1}; {3; 6; 3; 11; 0; -3}; {3; 6; 4; 9; 3; -1}; {3; 5; 1; 2; 1}}
11a_337,{0; 2; {3; 6; 1; 2; -1; -1}; {2; 6; 1; 5; 5; 0; -1}; {2; 5; 1; 3; 3; 1}}
11a_338,{0; 4; {4; 6; 4; -2; -1}; {4; 6; 16; -1; -4}; {4; 6; 17; 6; -4}; {4; 6; 7; 5; -1}; {4; 5; 1; 1}}
11a_339,{0; 3; {3; 6; 2; -1; 2; -2}; {3; 6; 7; 1; 5; -3}; {3; 6; 5; 3; 4; -1}; {3; 5; 1; 1; 1}}
11a_340,{0; 3; {4; 5; 5; -4}; {3; 6; 4; 10; -2; -2}; {3; 6; 4; 8; 2; -1}; {3; 5; 1; 2; 1}}
11a_341,{0; 2; {3; 6; 2; 0; 0; -1}; {2; 6; 2; 4; 3; 1; -1}; {2; 5; 1; 2; 2; 1}}
11a_342,{0; 2; {2; 6; 1; 0; 0; 2; -2}; {2; 6; 3; 2; 2; 3; -1}; {2; 5; 1; 1; 1; 1}}
11a_343,{0; 1; {2; 6; 1; 0; 1; 0; -1}; {1; 5; 1; 2; 2; 2; 1}}
11a_344,{0; 3; {2; 5; 3; -3; 2; -1}; {1; 5; 2; 3; -6; 6; -1}; {1; 4; 1; -1; -6; 3}; {2; 3; -1; -2}}
11a_345,{0; 2; {1; 5; 1; 1; -2; 2; -1}; {0; 4; 1; 1; 0; -2; 3}; {1; 3; -1; -2; -2}}
11a_346,{0; 4; {0; 3; 2; -4; 5; -2}; {0; 3; 3; -12; 15; -5}; {0; 3; 1; -9; 14; -4}; {1; 3; -2; 6; -1}; {2; 2; 1}}
11a_347,{0; 3; {-1; 3; 1; 0; -3; 5; -2}; {-1; 3; 1; -3; -2; 6; -2}; {0; 3; -2; 1; 3; -1}; {1; 2; 1; 1}}
11a_348,{0; 4; {1; 3; 3; -3; 1}; {1; 4; 2; -1; -3; 2}; {1; 4; -2; 4; -6; 1}; {1; 3; -1; 4; -2}; {2; 2; 1}}
11a_349,{0; 3; {0; 3; 1; 1; -2; 1}; {1; 4; 1; -2; -1; 1}; {0; 3; -1; 1; 0; -2}; {1; 2; 1; 1}}
11a_350,{0; 4; {-1; 1; 2; -3; 2}; {0; 2; -1; -2; 1}; {-1; 2; -2; 5; -5; 1}; {-1; 1; -1; 4; -2}; {0; 0; 1}}
11a_351,{0; 4; {-1; 1; 1; -1; 1}; {0; 2; 1; -4; 2}; {-1; 2; -2; 5; -6; 1}; {-1; 1; -1; 4; -2}; {0; 0; 1}}
11a_352,{0; 3; {-1; 1; 2; -3; 2}; {0; 3; -2; 1; -2; 1}; {-1; 2; -1; 1; 1; -2}; {0; 1; 1; 1}}
11a_353,{0; 3; {4; 6; 4; -2; -1}; {3; 6; 2; 14; -3; -2}; {3; 6; 3; 12; 1; -1}; {3; 5; 1; 3; 1}}
11a_354,{0; 2; {4; 5; 5; -4}; {2; 6; 1; 4; 8; -2; -1}; {2; 5; 1; 3; 4; 1}}
11a_355,{0; 4; {4; 6; 2; 2; -3}; {4; 6; 13; 7; -7}; {4; 6; 16; 11; -5}; {4; 6; 7; 6; -1}; {4; 5; 1; 1}}
11a_356,{0; 3; {4; 6; 3; 0; -2}; {3; 6; 4; 9; 2; -3}; {3; 6; 4; 8; 3; -1}; {3; 5; 1; 2; 1}}
11a_357,{0; 3; {4; 6; 4; -2; -1}; {3; 6; 4; 10; -1; -2}; {3; 6; 4; 8; 2; -1}; {3; 5; 1; 2; 1}}
11a_358,{0; 3; {3; 6; 1; 0; 3; -3}; {3; 6; 6; 3; 7; -4}; {3; 6; 5; 4; 5; -1}; {3; 5; 1; 1; 1}}
11a_359,{0; 2; {3; 6; 1; 1; 1; -2}; {2; 6; 2; 4; 4; 2; -1}; {2; 5; 1; 2; 2; 1}}
11a_360,{0; 2; {3; 6; 1; 2; -1; -1}; {2; 6; 2; 4; 4; 1; -1}; {2; 5; 1; 2; 2; 1}}
11a_361,{0; 2; {4; 6; 4; -2; -1}; {2; 6; 2; 3; 7; 0; -1}; {2; 5; 1; 2; 3; 1}}
11a_362,{0; 1; {3; 6; 1; 2; -1; -1}; {1; 5; 1; 2; 3; 3; 1}}
11a_363,{0; 1; {3; 6; 2; 0; 0; -1}; {1; 5; 1; 2; 3; 2; 1}}
11a_364,{0; 4; {4; 6; 1; 4; -4}; {4; 6; 10; 14; -10}; {4; 6; 15; 16; -6}; {4; 6; 7; 7; -1}; {4; 5; 1; 1}}
11a_365,{0; 3; {4; 6; 2; 2; -3}; {3; 6; 3; 10; 4; -4}; {3; 6; 4; 9; 4; -1}; {3; 5; 1; 2; 1}}
11a_366,{0; 2; {4; 6; 3; 0; -2}; {2; 6; 1; 5; 6; 1; -1}; {2; 5; 1; 3; 3; 1}}
11a_367,{0; 5; {5; 6; 6; -5}; {5; 6; 35; -20}; {5; 6; 56; -21}; {5; 6; 36; -8}; {5; 6; 10; -1}; {5; 5; 1}}
11n_1,{0; 2; {-5; -1; -1; 2; -2; 1; 1}; {-4; -1; 2; -2; 2; 1}; {-3; -3; -1}}
11n_2,{0; 3; {1; 5; 2; -1; -1; 2; -1}; {1; 4; 3; -2; -2; 3}; {1; 4; 1; -3; -3; 1}; {2; 3; -1; -1}}
11n_3,{0; 2; {-3; 1; -1; 3; -2; 0; 1}; {-2; 1; 3; -4; -1; 1}; {-1; 0; -2; -1}}
11n_4,{0; 3; {-1; 2; -1; 4; -3; 1}; {-1; 2; -1; 5; -6; 2}; {0; 2; 2; -4; 1}; {1; 1; -1}}
11n_5,{0; 3; {0; 2; 3; -4; 2}; {0; 3; 2; -7; 4; -1}; {1; 3; -3; 3; -1}; {2; 2; 1}}
11n_6,{0; 3; {-3; 1; -2; 5; -3; 0; 1}; {-3; 1; -1; 7; -7; 0; 1}; {-2; -1; 2; -5}; {-1; -1; -1}}
11n_7,{0; 3; {-1; 3; 1; -2; 2; 1; -1}; {-1; 1; 1; -4; 4}; {0; 2; -2; 3; -1}; {1; 1; 1}}
11n_8,{0; 3; {-4; -1; -1; 1; 0; 1}; {-4; -1; -1; 4; -2; 2}; {-3; -1; 2; -3; 1}; {-2; -2; -1}}
11n_9,{0; 4; {2; 5; 5; -8; 6; -2}; {2; 5; 10; -17; 12; -2}; {2; 4; 6; -16; 7}; {2; 4; 1; -7; 1}; {3; 3; -1}}
11n_10,{0; 3; {-5; -2; -1; 2; -3; 3}; {-5; -2; -1; 4; -4; 5}; {-4; -2; 2; -3; 2}; {-3; -3; -1}}
11n_11,{0; 3; {0; 3; 1; -2; 4; -2}; {0; 3; 1; -4; 7; -2}; {1; 3; -2; 4; -1}; {2; 2; 1}}
11n_12,{0; 2; {0; 3; 1; -1; 2; -1}; {1; 3; -1; 3; -1}; {2; 2; 1}}
11n_13,{0; 4; {2; 5; 4; -6; 5; -2}; {2; 5; 10; -15; 10; -1}; {2; 4; 6; -16; 6}; {2; 4; 1; -7; 1}; {3; 3; -1}}
11n_14,{0; 3; {-5; -2; -2; 4; -4; 3}; {-5; -2; -1; 6; -6; 6}; {-4; -2; 2; -4; 2}; {-3; -3; -1}}
11n_15,{0; 3; {0; 3; 2; -4; 5; -2}; {0; 3; 1; -6; 9; -3}; {1; 3; -2; 5; -1}; {2; 2; 1}}
11n_16,{0; 3; {1; 5; 1; 1; -2; 2; -1}; {1; 4; 3; 0; -4; 4}; {1; 4; 1; -3; -4; 1}; {2; 3; -1; -1}}
11n_17,{0; 2; {-5; -1; -1; 1; 0; 0; 1}; {-4; -1; 2; 0; 0; 2}; {-3; -2; -1; -1}}
11n_18,{0; 2; {-1; 3; 1; -1; 0; 2; -1}; {0; 3; -2; 1; 2; -1}; {1; 2; 1; 1}}
11n_19,{0; 3; {-3; 0; -1; 4; -5; 3}; {-2; 0; 5; -10; 4}; {-2; 0; 1; -6; 1}; {-1; -1; -1}}
11n_20,{0; 2; {-2; 1; 1; -1; 0; 1}; {-2; 1; 1; -2; -2; 1}; {-1; 0; -1; -1}}
11n_21,{0; 3; {-1; 2; -1; 4; -3; 1}; {-1; 2; -1; 5; -6; 2}; {0; 2; 2; -4; 1}; {1; 1; -1}}
11n_22,{0; 3; {2; 4; 4; -4; 1}; {1; 4; -1; 7; -5; 1}; {1; 3; -1; 4; -2}; {2; 2; 1}}
11n_23,{0; 4; {1; 4; -3; 10; -7; 1}; {1; 4; -7; 22; -11; 1}; {1; 3; -5; 18; -6}; {1; 3; -1; 7; -1}; {2; 2; 1}}
11n_24,{0; 3; {-1; 1; -2; 5; -2}; {-1; 1; -3; 8; -3}; {-1; 1; -1; 5; -1}; {0; 0; 1}}
11n_25,{0; 3; {0; 3; 2; -3; 3; -1}; {0; 3; 1; -5; 6; -2}; {1; 3; -2; 4; -1}; {2; 2; 1}}
11n_26,{0; 3; {0; 3; 1; -2; 4; -2}; {0; 3; 2; -5; 6; -1}; {0; 2; 1; -4; 2}; {1; 1; -1}}
11n_27,{0; 4; {2; 5; 6; -9; 5; -1}; {2; 5; 11; -19; 10; -1}; {2; 4; 6; -17; 6}; {2; 4; 1; -7; 1}; {3; 3; -1}}
11n_28,{0; 2; {-1; 3; 1; 0; -2; 3; -1}; {0; 3; -1; -2; 3; -1}; {2; 2; 1}}
11n_29,{0; 2; {0; 4; 2; -3; 2; 1; -1}; {0; 3; 2; -4; 1; 2}; {1; 2; -2; -1}}
11n_30,{0; 3; {1; 5; 3; -2; -2; 3; -1}; {1; 4; 4; -4; -4; 4}; {1; 4; 1; -4; -4; 1}; {2; 3; -1; -1}}
11n_31,{0; 3; {1; 5; 3; -3; 0; 2; -1}; {1; 4; 4; -6; 1; 2}; {1; 2; 1; -5}; {2; 2; -1}}
11n_32,{0; 3; {-2; 2; 1; -1; -1; 3; -1}; {0; 2; -4; 4; -1}; {-1; 1; 1; -3; 2}; {0; 0; -1}}
11n_33,{0; 3; {-1; 2; 2; -2; 0; 1}; {-1; 2; 1; -5; 2; -1}; {0; 2; -2; 3; -1}; {1; 1; 1}}
11n_34,{0; 3; {-2; 1; 2; -6; 7; -2}; {-2; 1; 3; -11; 11; -3}; {-2; 1; 1; -6; 6; -1}; {-1; 0; -1; 1}}
11n_35,{0; 3; {2; 5; 5; -7; 4; -1}; {2; 5; 8; -12; 7; -1}; {2; 4; 3; -8; 3}; {3; 3; -2}}
11n_36,{0; 4; {0; 3; 2; -4; 5; -2}; {0; 3; 5; -12; 9; -1}; {0; 2; 4; -13; 5}; {0; 2; 1; -6; 1}; {1; 1; -1}}
11n_37,{0; 3; {-2; 0; 2; -4; 3}; {-2; 0; 3; -8; 3}; {-2; 0; 1; -5; 1}; {-1; -1; -1}}
11n_38,{0; 2; {-2; 1; 2; -3; 1; 1}; {-2; -1; 1; -4}; {-1; -1; -1}}
11n_39,{0; 3; {-1; 2; -3; 8; -5; 1}; {-1; 2; -4; 13; -9; 2}; {-1; 2; -1; 7; -5; 1}; {0; 1; 1; -1}}
11n_40,{0; 3; {1; 4; -2; 8; -6; 1}; {1; 4; -4; 15; -8; 1}; {1; 3; -2; 9; -3}; {2; 2; 2}}
11n_41,{0; 4; {1; 4; -1; 6; -5; 1}; {1; 4; -4; 14; -8; 1}; {1; 3; -4; 13; -5}; {1; 3; -1; 6; -1}; {2; 2; 1}}
11n_42,{0; 3; {-2; 1; 2; -6; 7; -2}; {-2; 1; 3; -11; 11; -3}; {-2; 1; 1; -6; 6; -1}; {-1; 0; -1; 1}}
11n_43,{0; 3; {2; 5; 5; -7; 4; -1}; {2; 5; 8; -12; 7; -1}; {2; 4; 3; -8; 3}; {3; 3; -2}}
11n_44,{0; 4; {0; 3; 2; -4; 5; -2}; {0; 3; 5; -12; 9; -1}; {0; 2; 4; -13; 5}; {0; 2; 1; -6; 1}; {1; 1; -1}}
11n_45,{0; 3; {-1; 2; -3; 8; -5; 1}; {-1; 2; -4; 13; -9; 2}; {-1; 2; -1; 7; -5; 1}; {0; 1; 1; -1}}
11n_46,{0; 3; {1; 4; -2; 8; -6; 1}; {1; 4; -4; 15; -8; 1}; {1; 3; -2; 9; -3}; {2; 2; 2}}
11n_47,{0; 4; {1; 4; -1; 6; -5; 1}; {1; 4; -4; 14; -8; 1}; {1; 3; -4; 13; -5}; {1; 3; -1; 6; -1}; {2; 2; 1}}
11n_48,{0; 3; {-2; 1; 2; -3; 1; 1}; {-2; 0; 3; -8; 2}; {-2; 0; 1; -5; 1}; {-1; -1; -1}}
11n_49,{0; 2; {-2; 2; 2; -3; 2; -1; 1}; {-2; 1; 1; -4; 0; -1}; {-1; -1; -1}}
11n_50,{0; 2; {-3; -1; -1; 1; 1}; {-3; 0; -1; 2; 2; -1}; {-2; -1; 1; 1}}
11n_51,{0; 3; {0; 3; 2; -4; 5; -2}; {0; 3; 3; -8; 7; -1}; {0; 2; 1; -5; 2}; {1; 1; -1}}
11n_52,{0; 3; {0; 3; 3; -5; 4; -1}; {0; 3; 2; -8; 7; -2}; {1; 3; -3; 4; -1}; {2; 2; 1}}
11n_53,{0; 3; {-2; 1; 2; -5; 5; -1}; {-2; 1; 3; -9; 6; -1}; {-2; 0; 1; -5; 2}; {-1; -1; -1}}
11n_54,{0; 3; {1; 4; -1; 6; -5; 1}; {1; 4; -2; 10; -6; 1}; {1; 3; -1; 5; -2}; {2; 2; 1}}
11n_55,{0; 3; {-1; 2; -2; 6; -4; 1}; {-1; 2; -2; 8; -7; 2}; {0; 2; 3; -4; 1}; {1; 1; -1}}
11n_56,{0; 3; {-1; 2; -2; 6; -4; 1}; {-1; 2; -3; 9; -6; 1}; {-1; 1; -1; 5; -2}; {0; 0; 1}}
11n_57,{0; 4; {2; 5; 5; -7; 4; -1}; {2; 5; 10; -16; 9; -1}; {2; 4; 6; -16; 6}; {2; 4; 1; -7; 1}; {3; 3; -1}}
11n_58,{0; 3; {-2; 1; 1; -4; 6; -2}; {-2; 1; 1; -6; 9; -3}; {-1; 1; -2; 5; -1}; {0; 0; 1}}
11n_59,{0; 3; {2; 5; 4; -5; 3; -1}; {2; 5; 6; -7; 5; -1}; {2; 4; 2; -4; 2}; {3; 3; -1}}
11n_60,{0; 4; {0; 3; 3; -6; 6; -2}; {0; 3; 7; -17; 11; -1}; {0; 2; 5; -17; 6}; {0; 2; 1; -7; 1}; {1; 1; -1}}
11n_61,{0; 4; {1; 4; -2; 8; -6; 1}; {1; 4; -6; 19; -10; 1}; {1; 3; -5; 17; -6}; {1; 3; -1; 7; -1}; {2; 2; 1}}
11n_62,{0; 2; {-2; 2; 1; -2; 1; 2; -1}; {-1; 2; -2; 1; 2; -1}; {0; 1; 1; 1}}
11n_63,{0; 2; {1; 5; 2; -1; -1; 2; -1}; {1; 4; 2; -1; -1; 2}; {2; 3; -1; -1}}
11n_64,{0; 3; {0; 4; 3; -4; 1; 2; -1}; {0; 3; 4; -7; -2; 4}; {0; 3; 1; -5; -4; 1}; {1; 2; -1; -1}}
11n_65,{0; 2; {-3; 0; -1; -1; 5; -2}; {-3; 0; -1; 1; 6; -2}; {-2; -1; 1; 2}}
11n_66,{0; 3; {1; 3; 4; -5; 2}; {0; 3; -1; 5; -7; 2}; {0; 2; -1; 3; -3}; {1; 1; 1}}
11n_67,{0; 2; {-1; 3; 2; -2; -1; 3; -1}; {-1; 3; 1; -4; -1; 3; -1}; {0; 2; -1; 0; 1}}
11n_68,{0; 2; {0; 4; 2; -2; 0; 2; -1}; {0; 3; 2; -3; -2; 3}; {1; 2; -2; -2}}
11n_69,{0; 3; {1; 5; 2; 0; -3; 3; -1}; {1; 4; 3; -1; -5; 4}; {1; 4; 1; -3; -4; 1}; {2; 3; -1; -1}}
11n_70,{0; 3; {0; 2; 4; -6; 3}; {0; 2; 4; -11; 4}; {0; 2; 1; -6; 1}; {1; 1; -1}}
11n_71,{0; 3; {1; 4; -3; 11; -9; 2}; {1; 4; -5; 18; -10; 1}; {1; 3; -2; 10; -3}; {2; 2; 2}}
11n_72,{0; 3; {2; 5; 7; -11; 6; -1}; {2; 5; 9; -16; 8; -1}; {2; 4; 3; -9; 3}; {3; 3; -2}}
11n_73,{0; 3; {-1; 2; -4; 11; -8; 2}; {-1; 2; -4; 15; -12; 3}; {-1; 2; -1; 7; -6; 1}; {0; 1; 1; -1}}
11n_74,{0; 3; {-1; 2; -4; 11; -8; 2}; {-1; 2; -4; 15; -12; 3}; {-1; 2; -1; 7; -6; 1}; {0; 1; 1; -1}}
11n_75,{0; 3; {-4; -1; 2; -9; 11; -3}; {-4; -1; 1; -10; 18; -5}; {-3; -1; -3; 10; -2}; {-2; -2; 2}}
11n_76,{0; 4; {-4; -1; 2; -10; 13; -4}; {-4; -1; 1; -13; 25; -8}; {-3; -1; -6; 19; -5}; {-3; -1; -1; 7; -1}; {-2; -2; 1}}
11n_77,{0; 4; {4; 7; 9; -13; 6; -1}; {4; 6; 23; -20; 4}; {4; 5; 21; -9}; {4; 5; 8; -1}; {4; 4; 1}}
11n_78,{0; 4; {1; 4; -4; 13; -10; 2}; {1; 4; -8; 25; -13; 1}; {1; 3; -5; 19; -6}; {1; 3; -1; 7; -1}; {2; 2; 1}}
11n_79,{0; 2; {-1; 2; 2; -1; -2; 2}; {-1; 2; 1; -3; -3; 1}; {0; 1; -1; -1}}
11n_80,{0; 3; {-4; 0; -1; 1; 3; -5; 3}; {-3; 0; 2; 3; -9; 4}; {-1; 0; -6; 1}; {-1; -1; -1}}
11n_81,{0; 4; {2; 5; 8; -13; 7; -1}; {2; 5; 12; -23; 11; -1}; {2; 4; 6; -18; 6}; {2; 4; 1; -7; 1}; {3; 3; -1}}
11n_82,{0; 3; {-1; 1; -1; 3; -1}; {-1; 1; -3; 7; -3}; {-1; 1; -1; 5; -1}; {0; 0; 1}}
11n_83,{0; 2; {-1; 2; -1; 4; -3; 1}; {-2; 1; -1; 0; 4; -3}; {-1; 0; 1; 2}}
11n_84,{0; 2; {-2; -1; -1; 2}; {-4; -1; 1; -1; -1; 2}; {-3; -2; -1; -1}}
11n_85,{0; 3; {-1; 1; -1; 3; -1}; {-1; 2; -1; 5; -5; 2}; {0; 2; 2; -4; 1}; {1; 1; -1}}
11n_86,{0; 3; {0; 0; 1}; {0; 2; 2; -4; 2}; {0; 2; 1; -4; 1}; {1; 1; -1}}
11n_87,{0; 3; {-4; -1; 1; -3; 2; 1}; {-4; -1; 1; -5; 6; -1}; {-3; -1; -2; 4; -1}; {-2; -2; 1}}
11n_88,{0; 4; {2; 5; 4; -5; 3; -1}; {2; 5; 10; -15; 9; -1}; {2; 4; 6; -16; 6}; {2; 4; 1; -7; 1}; {3; 3; -1}}
11n_89,{0; 3; {-5; -2; -1; 1; -1; 2}; {-5; -2; -1; 4; -3; 5}; {-4; -2; 2; -3; 2}; {-3; -3; -1}}
11n_90,{0; 3; {1; 5; 1; 2; -4; 3; -1}; {1; 4; 3; 0; -5; 4}; {1; 4; 1; -3; -4; 1}; {2; 3; -1; -1}}
11n_91,{0; 2; {-5; -2; -1; 2; -3; 3}; {-4; -1; 2; -2; 3; 1}; {-3; -3; -1}}
11n_92,{0; 3; {-2; 1; 1; -3; 4; -1}; {-1; 1; -4; 7; -3}; {-1; 1; -1; 5; -1}; {0; 0; 1}}
11n_93,{0; 3; {3; 6; 1; 4; -5; 1}; {3; 5; 4; 11; -7}; {3; 5; 4; 9; -2}; {3; 4; 1; 2}}
11n_94,{0; 3; {-1; 2; -1; 2; 1; -1}; {-1; 2; -1; 4; -2; 1}; {0; 2; 2; -3; 1}; {1; 1; -1}}
11n_95,{0; 3; {2; 5; 3; -3; 2; -1}; {2; 4; 6; -5; 3}; {2; 4; 2; -4; 1}; {3; 3; -1}}
11n_96,{0; 3; {-1; 2; -1; 2; 1; -1}; {-1; 2; -3; 6; 0; -1}; {-1; 0; -1; 5}; {0; 0; 1}}
11n_97,{0; 2; {-2; 2; -1; 3; 0; -3; 2}; {-2; 2; -1; 3; -1; -4; 1}; {-1; 1; 1; 0; -1}}
11n_98,{0; 3; {-2; 0; -3; 6; -2}; {-2; 1; -2; 8; -4; 1}; {-1; 1; 3; -3; 1}; {0; 0; -1}}
11n_99,{0; 2; {-4; -1; 1; 0; -4; 4}; {-4; -1; 1; -1; -5; 3}; {-3; -2; -1; -2}}
11n_100,{0; 2; {-1; 3; 1; 0; 0; -1; 1}; {-1; 2; -1; 0; 0; -2}; {0; 1; 1; 1}}
11n_101,{0; 2; {-3; -1; -1; 1; 1}; {-2; 1; 2; 0; -1; 1}; {-1; 0; -1; -1}}
11n_102,{0; 2; {-4; 0; 1; -1; 0; -1; 2}; {-3; 0; -1; 0; -3; 1}; {-1; -1; -1}}
11n_103,{0; 3; {-4; -1; -2; 3; -1; 1}; {-4; -1; -2; 7; -3; 2}; {-3; -1; 3; -3; 1}; {-2; -2; -1}}
11n_104,{0; 4; {2; 4; 5; -6; 2}; {2; 5; 10; -16; 8; -1}; {2; 4; 6; -16; 6}; {2; 4; 1; -7; 1}; {3; 3; -1}}
11n_105,{0; 3; {2; 3; 3; -2}; {2; 5; 5; -4; 3; -1}; {2; 4; 2; -3; 2}; {3; 3; -1}}
11n_106,{0; 3; {-2; 1; -1; 0; 4; -2}; {-1; 1; -2; 8; -3}; {-1; 1; -1; 5; -1}; {0; 0; 1}}
11n_107,{0; 4; {1; 4; -1; 6; -5; 1}; {1; 4; -6; 18; -10; 1}; {1; 3; -5; 17; -6}; {1; 3; -1; 7; -1}; {2; 2; 1}}
11n_108,{0; 3; {-5; -2; -1; 0; 1; 1}; {-5; -2; -1; 3; 0; 4}; {-4; -2; 2; -2; 2}; {-3; -3; -1}}
11n_109,{0; 3; {-5; -2; -2; 3; -2; 2}; {-5; -2; -1; 5; -3; 5}; {-4; -2; 2; -3; 2}; {-3; -3; -1}}
11n_110,{0; 3; {-1; 2; 1; 0; -1; 1}; {0; 2; 1; -5; 2}; {0; 2; 1; -4; 1}; {1; 1; -1}}
11n_111,{0; 3; {0; 2; 3; -4; 2}; {0; 3; 4; -9; 2; 1}; {0; 1; 1; -6}; {1; 1; -1}}
11n_112,{0; 3; {0; 3; 1; -2; 4; -2}; {0; 3; 1; -4; 7; -2}; {1; 3; -2; 4; -1}; {2; 2; 1}}
11n_113,{0; 2; {-5; -2; -1; 1; -1; 2}; {-4; -1; 2; -1; 3; 1}; {-3; -3; -1}}
11n_114,{0; 2; {-2; 0; 1; -2; 2}; {-1; 2; -3; 3; 0; -1}; {0; 1; 2; 1}}
11n_115,{0; 3; {-1; 2; 2; -2; 0; 1}; {-2; 0; -1; 3; -5}; {-1; 1; 2; -3; 1}; {0; 0; -1}}
11n_116,{0; 2; {-3; 1; 1; -1; 1; -2; 2}; {-2; 1; -1; 0; -4; 1}; {0; 0; -1}}
11n_117,{0; 2; {-1; 2; 1; 1; -3; 2}; {-1; 2; 1; -1; -5; 2}; {0; 1; -1; -2}}
11n_118,{0; 3; {2; 5; 4; -5; 3; -1}; {2; 4; 7; -8; 4}; {2; 4; 2; -5; 1}; {3; 3; -1}}
11n_119,{0; 3; {-2; 1; 2; -5; 5; -1}; {-2; 1; 2; -8; 7; -2}; {-2; 0; 1; -4; 3}; {-1; -1; -1}}
11n_120,{0; 4; {0; 3; 2; -3; 3; -1}; {0; 3; 4; -10; 7; -1}; {0; 2; 4; -12; 5}; {0; 2; 1; -6; 1}; {1; 1; -1}}
11n_121,{0; 3; {-4; -2; -2; 2; 1}; {-4; -1; -1; 5; -1; 2}; {-3; -1; 2; -3; 1}; {-2; -2; -1}}
11n_122,{0; 2; {-4; -1; 1; -1; -2; 3}; {-4; -1; 1; -2; -2; 2}; {-3; -2; -1; -1}}
11n_123,{0; 2; {-3; 1; 1; -2; 2; -1; 1}; {-2; 1; -3; 3; -1; -1}; {-1; 0; 2; 1}}
11n_124,{0; 3; {-1; 1; 1; -1; 1}; {-1; 2; 1; -4; 3; -1}; {0; 2; -2; 3; -1}; {1; 1; 1}}
11n_125,{0; 3; {0; 0; 1}; {0; 3; 1; -3; 3; -1}; {1; 3; -2; 3; -1}; {2; 2; 1}}
11n_126,{0; 3; {3; 6; 1; 5; -7; 2}; {3; 5; 3; 13; -9}; {3; 5; 4; 10; -2}; {3; 4; 1; 2}}
11n_127,{0; 3; {-4; -2; 1; -4; 4}; {-4; -1; 1; -5; 7; -1}; {-3; -1; -2; 4; -1}; {-2; -2; 1}}
11n_128,{0; 3; {0; 2; 2; -2; 1}; {-1; 2; -2; 5; -5; 1}; {-1; 1; -1; 4; -2}; {0; 0; 1}}
11n_129,{0; 3; {-3; 0; -3; 6; -3; 1}; {-3; 0; -3; 10; -5; 1}; {-3; -1; -1; 5; -2}; {-2; -2; 1}}
11n_130,{0; 3; {-2; 0; 1; -2; 2}; {-2; 1; 2; -6; 4; -1}; {-2; 0; 1; -4; 2}; {-1; -1; -1}}
11n_131,{0; 3; {-2; -1; -1; 2}; {-3; 0; 1; -3; 4; -1}; {-2; 0; -2; 3; -1}; {-1; -1; 1}}
11n_132,{0; 2; {-3; -1; -1; 1; 1}; {-3; 0; -1; 2; 2; -1}; {-2; -1; 1; 1}}
11n_133,{0; 4; {1; 3; 1; 1; -1}; {1; 4; -2; 8; -5; 1}; {1; 3; -4; 11; -5}; {1; 3; -1; 6; -1}; {2; 2; 1}}
11n_134,{0; 2; {-3; -1; 1; -3; 3}; {-4; -1; 1; 0; -4; 3}; {-3; -2; -1; -2}}
11n_135,{0; 3; {1; 4; 3; -2; -1; 1}; {1; 4; 4; -6; 0; 1}; {1; 2; 1; -5}; {2; 2; -1}}
11n_136,{0; 3; {3; 5; 2; 1; -2}; {3; 5; 5; 8; -5}; {3; 5; 4; 8; -2}; {3; 4; 1; 2}}
11n_137,{0; 3; {-4; -3; -3; 4}; {-4; -1; -2; 8; -2; 2}; {-3; -1; 3; -3; 1}; {-2; -2; -1}}
11n_138,{0; 2; {-2; 1; 2; -2; -1; 2}; {-2; 1; 1; -3; -3; 1}; {-1; 0; -1; -1}}
11n_139,{0; 1; {0; 4; 1; 1; -1; -1; 1}; {2; 3; -1; -1}}
11n_140,{0; 2; {-4; -2; -2; 2; 1}; {-3; 0; 3; 1; 0; 1}; {-2; -1; -1; -1}}
11n_141,{0; 1; {-3; 1; 1; 0; -1; -1; 2}; {-2; 0; -1; -2; -2}}
11n_142,{0; 2; {-3; 1; 1; -1; 1; -2; 2}; {-2; 0; -2; 1; -3}; {-1; -1; 1}}
11n_143,{0; 3; {-1; 2; 1; 0; -1; 1}; {-1; 2; 1; 0; -6; 3}; {1; 2; -5; 1}; {1; 1; -1}}
11n_144,{0; 3; {2; 5; 3; -3; 2; -1}; {2; 5; 5; -4; 4; -1}; {2; 4; 2; -3; 2}; {3; 3; -1}}
11n_145,{0; 3; {-1; 1; -2; 5; -2}; {-1; 2; -4; 9; -2; -1}; {-1; 0; -1; 6}; {0; 0; 1}}
11n_146,{0; 3; {1; 3; -1; 5; -3}; {1; 4; -1; 8; -4; 1}; {1; 3; -1; 4; -2}; {2; 2; 1}}
11n_147,{0; 4; {2; 3; 3; -2}; {1; 4; -3; 11; -6; 1}; {1; 3; -4; 12; -5}; {1; 3; -1; 6; -1}; {2; 2; 1}}
11n_148,{0; 4; {0; 3; -1; 3; 0; -1}; {0; 3; 1; -1; 4; -1}; {0; 2; 3; -7; 4}; {0; 2; 1; -5; 1}; {1; 1; -1}}
11n_149,{0; 4; {1; 4; 2; 0; -2; 1}; {1; 4; -2; 7; -6; 1}; {1; 3; -4; 11; -5}; {1; 3; -1; 6; -1}; {2; 2; 1}}
11n_150,{0; 3; {0; 4; 1; 0; 1; -2; 1}; {0; 3; -1; 0; 3; -3}; {0; 3; -1; 2; 3; -1}; {1; 2; 1; 1}}
11n_151,{0; 3; {0; 3; 4; -7; 5; -1}; {0; 3; 4; -13; 9; -2}; {0; 3; 1; -7; 5; -1}; {1; 2; -1; 1}}
11n_152,{0; 3; {0; 3; 4; -7; 5; -1}; {0; 3; 4; -13; 9; -2}; {0; 3; 1; -7; 5; -1}; {1; 2; -1; 1}}
11n_153,{0; 4; {0; 2; 3; -4; 2}; {-1; 2; -4; 9; -8; 1}; {-1; 1; -4; 12; -5}; {-1; 1; -1; 6; -1}; {0; 0; 1}}
11n_154,{0; 3; {0; 3; 2; -3; 3; -1}; {0; 3; 2; -6; 5; -1}; {1; 3; -3; 3; -1}; {2; 2; 1}}
11n_155,{0; 3; {-1; 3; 1; 0; 0; -1; 1}; {-1; 2; -2; 1; 1; -3}; {-1; 2; -1; 3; 3; -1}; {0; 1; 1; 1}}
11n_156,{0; 3; {-1; 1; -1; 3; -1}; {-1; 2; -2; 6; -4; 1}; {0; 2; 3; -3; 1}; {1; 1; -1}}
11n_157,{0; 3; {0; 0; 1}; {-2; 1; 1; -3; 3; -1}; {-2; 0; 1; -3; 2}; {-1; -1; -1}}
11n_158,{0; 4; {1; 4; 1; 2; -3; 1}; {1; 4; -3; 10; -7; 1}; {1; 3; -4; 12; -5}; {1; 3; -1; 6; -1}; {2; 2; 1}}
11n_159,{0; 3; {-3; -1; -1; 1; 1}; {-4; -2; 1; -3; 4}; {-3; -1; -2; 3; -1}; {-2; -2; 1}}
11n_160,{0; 3; {0; 3; 2; -4; 5; -2}; {0; 3; 2; -7; 8; -2}; {1; 3; -3; 4; -1}; {2; 2; 1}}
11n_161,{0; 3; {1; 4; 2; 0; -2; 1}; {0; 3; -2; 3; 2; -3}; {0; 3; -1; 3; 3; -1}; {1; 2; 1; 1}}
11n_162,{0; 2; {1; 5; 1; 2; -4; 3; -1}; {1; 4; 2; 1; -4; 3}; {2; 3; -1; -2}}
11n_163,{0; 3; {0; 3; 1; 1; -2; 1}; {1; 3; 2; -5; 2}; {0; 2; -1; 2; -3}; {1; 1; 1}}
11n_164,{0; 3; {1; 4; 1; 2; -3; 1}; {1; 2; 2; -1}; {1; 3; 1; -3; 1}; {2; 2; -1}}
11n_165,{0; 3; {-2; 0; 1; -2; 2}; {-1; 2; -1; -1; 2; -1}; {-1; 1; 1; -2; 2}; {0; 0; -1}}
11n_166,{0; 4; {0; 3; 3; -5; 4; -1}; {0; 3; 5; -13; 8; -1}; {0; 2; 4; -13; 5}; {0; 2; 1; -6; 1}; {1; 1; -1}}
11n_167,{0; 3; {1; 3; -1; 5; -3}; {0; 3; 1; -3; 8; -2}; {1; 3; -2; 4; -1}; {2; 2; 1}}
11n_168,{0; 3; {0; 3; -1; 3; 0; -1}; {-1; 1; 1; -3; 5}; {0; 2; -2; 3; -1}; {1; 1; 1}}
11n_169,{0; 3; {4; 6; 6; -6; 1}; {3; 5; 3; 14; -8}; {3; 5; 4; 10; -2}; {3; 4; 1; 2}}
11n_170,{0; 2; {-4; -1; -2; 3; -1; 1}; {-3; 0; 4; -2; 1; 1}; {-2; -1; -2; -1}}
11n_171,{0; 2; {3; 5; 2; 1; -2}; {2; 5; 1; 6; 3; -2}; {2; 4; 1; 3; 2}}
11n_172,{0; 3; {-3; 0; -1; 3; -3; 2}; {-3; 0; -1; 5; -6; 2}; {-2; 0; 2; -4; 1}; {-1; -1; -1}}
11n_173,{0; 4; {1; 3; -2; 7; -4}; {1; 4; -4; 15; -7; 1}; {1; 3; -4; 13; -5}; {1; 3; -1; 6; -1}; {2; 2; 1}}
11n_174,{0; 3; {2; 5; 3; -3; 2; -1}; {2; 5; 7; -8; 6; -1}; {2; 4; 3; -7; 3}; {3; 3; -2}}
11n_175,{0; 3; {2; 5; 3; -3; 2; -1}; {1; 4; 2; 2; -3; 3}; {1; 4; 1; -2; -3; 1}; {2; 3; -1; -1}}
11n_176,{0; 3; {-4; -1; 1; -2; 0; 2}; {-4; -2; 1; -4; 3}; {-3; -1; -2; 3; -1}; {-2; -2; 1}}
11n_177,{0; 4; {0; 3; 1; -1; 2; -1}; {0; 3; 2; -5; 5; -1}; {0; 2; 3; -8; 4}; {0; 2; 1; -5; 1}; {1; 1; -1}}
11n_178,{0; 3; {1; 3; -1; 5; -3}; {1; 4; -3; 12; -6; 1}; {1; 3; -2; 8; -3}; {2; 2; 2}}
11n_179,{0; 3; {-1; 2; 1; -3; 5; -2}; {-1; 2; 1; -5; 7; -2}; {-1; 1; 1; -3; 3}; {0; 0; -1}}
11n_180,{0; 3; {4; 5; 5; -4}; {3; 5; 4; 12; -6}; {3; 5; 4; 9; -2}; {3; 4; 1; 2}}
11n_181,{0; 2; {3; 5; 1; 3; -3}; {2; 5; 2; 4; 5; -2}; {2; 4; 1; 2; 2}}
11n_182,{0; 4; {-2; 1; 2; -3; 1; 1}; {-2; 1; 1; -6; 4; -2}; {-1; 1; -4; 8; -3}; {-1; 1; -1; 5; -1}; {0; 0; 1}}
11n_183,{0; 3; {3; 6; 2; 2; -4; 1}; {3; 5; 8; 2; -3}; {3; 4; 6; 1}; {3; 3; 1}}
11n_184,{0; 3; {2; 4; 4; -4; 1}; {1; 4; -3; 11; -7; 1}; {1; 3; -2; 8; -3}; {2; 2; 2}}
11n_185,{0; 3; {2; 4; 4; -4; 1}; {2; 5; 7; -9; 5; -1}; {2; 4; 3; -7; 3}; {3; 3; -2}}